T,simNr,kernel,bandwidth,a,M1,S_T,data_reward,optimal_reward,regret
100,0,gau,1/sqrt(T),1e-06,1e-06,28.92000000000172,14.035601583796883,16.498228268827916,2.462626685031033
100,1,gau,1/sqrt(T),1e-06,1e-06,22.870000000000775,6.352980372006812,9.337599273382217,2.9846189013754056
100,2,gau,1/sqrt(T),1e-06,1e-06,23.430000000000863,12.478093192704572,17.621984631246665,5.143891438542093
100,3,gau,1/sqrt(T),1e-06,1e-06,21.030000000000488,11.944246828564388,16.226599885956936,4.282353057392548
100,4,gau,1/sqrt(T),1e-06,1e-06,20.300000000000374,10.60803063521267,18.851985135236816,8.243954500024147
100,5,gau,1/sqrt(T),1e-06,1e-06,24.910000000001094,10.441708289712752,15.240548044253252,4.7988397545405
100,6,gau,1/sqrt(T),1e-06,1e-06,21.920000000000627,14.472415536833577,17.765080581316724,3.2926650444831473
100,7,gau,1/sqrt(T),1e-06,1e-06,20.940000000000474,11.180344085538135,17.649536638456112,6.469192552917978
100,8,gau,1/sqrt(T),1e-06,1e-06,22.230000000000675,12.155224728030303,16.30816733672125,4.152942608690948
100,9,gau,1/sqrt(T),1e-06,1e-06,22.540000000000724,12.602811054320997,19.3499243362608,6.747113281939802
200,0,gau,1/sqrt(T),1e-06,1e-06,42.840000000000046,26.784604168251125,34.13623390104349,7.3516297327923645
200,1,gau,1/sqrt(T),1e-06,1e-06,40.66000000000048,31.047388821380558,35.64933721523994,4.601948393859381
200,2,gau,1/sqrt(T),1e-06,1e-06,37.570000000001095,26.988269890934415,37.77479416257,10.786524271635582
200,3,gau,1/sqrt(T),1e-06,1e-06,40.25000000000056,22.915455784980114,27.644460488122302,4.729004703142188
200,4,gau,1/sqrt(T),1e-06,1e-06,33.050000000001994,27.18585231545705,34.26288058637224,7.077028270915189
200,5,gau,1/sqrt(T),1e-06,1e-06,36.68000000000127,31.47233537009697,40.12108506188248,8.648749691785511
200,6,gau,1/sqrt(T),1e-06,1e-06,33.89000000000183,25.39056408318307,29.66098006967899,4.2704159864959195
200,7,gau,1/sqrt(T),1e-06,1e-06,35.250000000001556,24.66377086356732,34.85890020775108,10.195129344183758
200,8,gau,1/sqrt(T),1e-06,1e-06,37.28000000000115,39.91521575987379,45.145721346135225,5.230505586261437
200,9,gau,1/sqrt(T),1e-06,1e-06,36.610000000001286,25.078309183992786,26.66065395578431,1.5823447717915222
300,0,gau,1/sqrt(T),1e-06,1e-06,49.94999999999863,43.55612701208555,51.73799266109313,8.181865649007584
300,1,gau,1/sqrt(T),1e-06,1e-06,44.46999999999972,34.230813818894426,44.264608448079755,10.03379462918533
300,2,gau,1/sqrt(T),1e-06,1e-06,45.96999999999942,46.24665400688642,54.61758917596904,8.370935169082614
300,3,gau,1/sqrt(T),1e-06,1e-06,48.619999999998896,53.90008259246116,61.88009937682701,7.980016784365851
300,4,gau,1/sqrt(T),1e-06,1e-06,44.78999999999966,45.71552219230816,52.697624883185775,6.982102690877618
300,5,gau,1/sqrt(T),1e-06,1e-06,50.039999999998614,35.10695006067793,41.081520967731294,5.974570907053362
300,6,gau,1/sqrt(T),1e-06,1e-06,49.26999999999877,47.049996078316944,58.519349326910366,11.469353248593421
300,7,gau,1/sqrt(T),1e-06,1e-06,51.56999999999831,48.99392736040695,57.762167735732724,8.768240375325774
300,8,gau,1/sqrt(T),1e-06,1e-06,63.73999999999589,43.54331012137473,56.48332012738331,12.940010006008578
300,9,gau,1/sqrt(T),1e-06,1e-06,45.89999999999944,43.5828787151416,55.47422225861712,11.891343543475521
400,0,gau,1/sqrt(T),1e-06,1e-06,72.9200000000004,64.45526500431953,72.7390863350175,8.283821330697975
400,1,gau,1/sqrt(T),1e-06,1e-06,56.32999999999736,61.047489979442155,72.99456206481027,11.947072085368113
400,2,gau,1/sqrt(T),1e-06,1e-06,61.39999999999635,58.03780192601818,68.90521560652195,10.867413680503766
400,3,gau,1/sqrt(T),1e-06,1e-06,66.0799999999969,61.71413673050042,71.1797856448977,9.465648914397285
400,4,gau,1/sqrt(T),1e-06,1e-06,54.27999999999777,59.26844390320937,67.4637808296773,8.195336926467931
400,5,gau,1/sqrt(T),1e-06,1e-06,72.04999999999995,59.34783205232408,66.24090559063711,6.893073538313033
400,6,gau,1/sqrt(T),1e-06,1e-06,76.16000000000206,63.15410618898122,76.33220352053857,13.178097331557353
400,7,gau,1/sqrt(T),1e-06,1e-06,55.52999999999752,52.4849762252396,58.112901024616235,5.627924799376636
400,8,gau,1/sqrt(T),1e-06,1e-06,61.389999999996355,48.26449340175297,63.69955762780389,15.435064226050919
400,9,gau,1/sqrt(T),1e-06,1e-06,67.6499999999977,54.75906710874767,65.22728065755453,10.468213548806858
500,0,gau,1/sqrt(T),1e-06,1e-06,62.86999999999606,60.18103733547018,78.22810469902616,18.047067363555982
500,1,gau,1/sqrt(T),1e-06,1e-06,71.67999999999977,86.65273759572112,96.4598884683539,9.807150872632775
500,2,gau,1/sqrt(T),1e-06,1e-06,75.36000000000165,68.93552489623802,76.91709915852252,7.9815742622844965
500,3,gau,1/sqrt(T),1e-06,1e-06,64.95999999999633,71.19537718676128,78.78112965745024,7.585752470688959
500,4,gau,1/sqrt(T),1e-06,1e-06,64.21999999999595,64.76759575597703,71.35438115240882,6.586785396431793
500,5,gau,1/sqrt(T),1e-06,1e-06,65.80999999999676,67.80707036088869,77.6483658337172,9.841295472828506
500,6,gau,1/sqrt(T),1e-06,1e-06,71.06999999999945,65.19403069538997,77.57657374162547,12.382543046235497
500,7,gau,1/sqrt(T),1e-06,1e-06,65.2999999999965,64.82824808704989,81.70918416142274,16.880936074372855
500,8,gau,1/sqrt(T),1e-06,1e-06,68.9999999999984,70.9342666164563,80.16015110734949,9.225884490893193
500,9,gau,1/sqrt(T),1e-06,1e-06,71.58999999999972,71.95629329768983,91.35009026143263,19.3937969637428
600,0,gau,1/sqrt(T),1e-06,1e-06,78.05000000000302,78.19555342294073,90.24346130661114,12.047907883670405
600,1,gau,1/sqrt(T),1e-06,1e-06,72.14,80.94417730711132,90.65640948695956,9.712232179848243
600,2,gau,1/sqrt(T),1e-06,1e-06,71.63999999999974,98.264893424531,108.5547776086392,10.289884184108203
600,3,gau,1/sqrt(T),1e-06,1e-06,83.4800000000058,86.59243409573227,99.57645754702511,12.984023451292842
600,4,gau,1/sqrt(T),1e-06,1e-06,73.87000000000089,91.10791853228484,104.59967339351631,13.49175486123147
600,5,gau,1/sqrt(T),1e-06,1e-06,73.55000000000072,87.50669575852433,94.50720864833633,7.000512889812001
600,6,gau,1/sqrt(T),1e-06,1e-06,73.68000000000079,84.77358109926315,98.9220187659965,14.148437666733344
600,7,gau,1/sqrt(T),1e-06,1e-06,72.60000000000024,104.51556157456618,119.09928641614817,14.583724841581997
600,8,gau,1/sqrt(T),1e-06,1e-06,83.73000000000593,81.61533297239922,94.70957279318782,13.094239820788601
600,9,gau,1/sqrt(T),1e-06,1e-06,72.39000000000013,95.43889998549284,113.34896474515993,17.910064759667094
700,0,gau,1/sqrt(T),1e-06,1e-06,79.03000000000353,109.32584999607775,127.46824917508206,18.142399179004315
700,1,gau,1/sqrt(T),1e-06,1e-06,86.14000000000716,107.41667163841724,124.49286996127564,17.076198322858403
700,2,gau,1/sqrt(T),1e-06,1e-06,84.23000000000619,110.78751509172479,123.40148231422431,12.613967222499525
700,3,gau,1/sqrt(T),1e-06,1e-06,81.20000000000464,107.18349137569355,123.69908183715654,16.515590461462992
700,4,gau,1/sqrt(T),1e-06,1e-06,86.7900000000075,98.1323818995806,116.63001631144854,18.49763441186795
700,5,gau,1/sqrt(T),1e-06,1e-06,78.52000000000326,95.50702549453274,113.64601071190948,18.138985217376742
700,6,gau,1/sqrt(T),1e-06,1e-06,80.66000000000436,114.63683976547188,123.41901068129837,8.782170915826498
700,7,gau,1/sqrt(T),1e-06,1e-06,89.30000000000878,114.01864012602528,145.29900837286957,31.28036824684429
700,8,gau,1/sqrt(T),1e-06,1e-06,80.45000000000425,110.18827592487776,122.64632796817541,12.458052043297656
700,9,gau,1/sqrt(T),1e-06,1e-06,85.30000000000673,98.8420950348696,115.3365730847026,16.494478049832992
800,0,gau,1/sqrt(T),1e-06,1e-06,90.04000000000916,105.64258179903524,121.5976296674925,15.955047868457257
800,1,gau,1/sqrt(T),1e-06,1e-06,91.01000000000965,116.89541218686819,135.58456473402114,18.689152547152958
800,2,gau,1/sqrt(T),1e-06,1e-06,100.35000000001443,120.91536151141155,138.30829726600277,17.39293575459122
800,3,gau,1/sqrt(T),1e-06,1e-06,86.63000000000741,126.42479551034732,147.58190253253326,21.15710702218594
800,4,gau,1/sqrt(T),1e-06,1e-06,95.35000000001187,115.86649719291732,134.19607051832403,18.329573325406713
800,5,gau,1/sqrt(T),1e-06,1e-06,96.08000000001225,134.64764096479033,146.74535710403597,12.097716139245648
800,6,gau,1/sqrt(T),1e-06,1e-06,93.61000000001098,108.38756086458274,123.08130644590338,14.693745581320641
800,7,gau,1/sqrt(T),1e-06,1e-06,92.21000000001027,125.65073973238086,139.66760564221556,14.016865909834706
800,8,gau,1/sqrt(T),1e-06,1e-06,100.42000000001447,129.41424278634028,140.58785934871406,11.17361656237378
800,9,gau,1/sqrt(T),1e-06,1e-06,89.19000000000872,125.47982397248951,148.7223475204479,23.242523547958385
900,0,gau,1/sqrt(T),1e-06,1e-06,96.08000000001225,116.52770259819,134.78365985661722,18.255957258427216
900,1,gau,1/sqrt(T),1e-06,1e-06,99.59000000001404,151.32231977756686,166.4785296651653,15.156209887598436
900,2,gau,1/sqrt(T),1e-06,1e-06,95.48000000001194,149.79428799142107,169.6700994061186,19.875811414697523
900,3,gau,1/sqrt(T),1e-06,1e-06,95.53000000001197,149.4860604565139,164.3587898746696,14.8727294181557
900,4,gau,1/sqrt(T),1e-06,1e-06,98.01000000001324,146.37783519755732,161.58562375684826,15.207788559290947
900,5,gau,1/sqrt(T),1e-06,1e-06,101.43000000001499,125.94115828706147,148.33120189855467,22.390043611493198
900,6,gau,1/sqrt(T),1e-06,1e-06,93.32000000001084,146.96942837002447,159.87046571251705,12.901037342492572
900,7,gau,1/sqrt(T),1e-06,1e-06,99.20000000001384,142.13656243475626,166.01415088964043,23.877588454884176
900,8,gau,1/sqrt(T),1e-06,1e-06,94.32000000001135,131.79967740887636,147.04507498351202,15.24539757463566
900,9,gau,1/sqrt(T),1e-06,1e-06,93.52000000001094,137.74165151343573,163.10365633237845,25.362004818942722
1000,0,gau,1/sqrt(T),1e-06,1e-06,102.74000000001566,139.34091173403925,158.15709074204415,18.816179008004895
1000,1,gau,1/sqrt(T),1e-06,1e-06,108.71000000001871,156.15478726368937,176.41203437308397,20.257247109394598
1000,2,gau,1/sqrt(T),1e-06,1e-06,107.27000000001797,161.8514425557984,182.46730034581262,20.615857790014218
1000,3,gau,1/sqrt(T),1e-06,1e-06,100.70000000001461,178.60799893376537,204.17362639240258,25.56562745863721
1000,4,gau,1/sqrt(T),1e-06,1e-06,104.17000000001639,155.41819329176568,173.12181678314272,17.703623491377044
1000,5,gau,1/sqrt(T),1e-06,1e-06,124.57000000002682,149.01062045524014,167.66654399650702,18.655923541266873
1000,6,gau,1/sqrt(T),1e-06,1e-06,100.32000000001442,145.80021673678797,168.86942204769838,23.069205310910405
1000,7,gau,1/sqrt(T),1e-06,1e-06,104.41000000001651,145.90857567931033,161.00720682556266,15.09863114625233
1000,8,gau,1/sqrt(T),1e-06,1e-06,121.04000000002502,140.7383575800376,161.27038578445212,20.53202820441453
1000,9,gau,1/sqrt(T),1e-06,1e-06,111.88000000002033,141.9700267738121,151.24973063784384,9.279703864031745
1100,0,gau,1/sqrt(T),1e-06,1e-06,111.0500000000199,148.68362747481052,173.50895680768417,24.82532933287365
1100,1,gau,1/sqrt(T),1e-06,1e-06,106.49000000001757,152.073828381848,170.19407192979648,18.12024354794849
1100,2,gau,1/sqrt(T),1e-06,1e-06,107.39000000001803,187.4161980473552,199.2627545348097,11.846556487454478
1100,3,gau,1/sqrt(T),1e-06,1e-06,107.08000000001788,160.63912544327448,179.79944541129493,19.160319968020445
1100,4,gau,1/sqrt(T),1e-06,1e-06,107.06000000001787,166.03938070011688,186.51405331714594,20.474672617029057
1100,5,gau,1/sqrt(T),1e-06,1e-06,106.79000000001773,146.92501917638216,167.61024779007622,20.68522861369405
1100,6,gau,1/sqrt(T),1e-06,1e-06,112.93000000002087,168.72518651888035,188.8291475876808,20.10396106880046
1100,7,gau,1/sqrt(T),1e-06,1e-06,109.18000000001895,160.20864611218164,174.21803579240512,14.009389680223478
1100,8,gau,1/sqrt(T),1e-06,1e-06,106.86000000001776,159.75787246355668,174.65206479693606,14.89419233337938
1100,9,gau,1/sqrt(T),1e-06,1e-06,117.090000000023,151.17665557564487,170.97104822787287,19.794392652227998
1200,0,gau,1/sqrt(T),1e-06,1e-06,114.3500000000216,190.52390150986605,213.10429322008756,22.580391710221505
1200,1,gau,1/sqrt(T),1e-06,1e-06,123.05000000002605,202.5380517669717,218.16080505310805,15.622753286136344
1200,2,gau,1/sqrt(T),1e-06,1e-06,124.56000000002682,173.59306020298772,189.88871792955064,16.295657726562922
1200,3,gau,1/sqrt(T),1e-06,1e-06,112.8000000000208,177.95101032270915,201.56968418673156,23.618673864022412
1200,4,gau,1/sqrt(T),1e-06,1e-06,112.83000000002082,170.30792238244948,193.4171651184064,23.10924273595691
1200,5,gau,1/sqrt(T),1e-06,1e-06,117.8900000000234,173.80591382545302,194.44715596416006,20.641242138707042
1200,6,gau,1/sqrt(T),1e-06,1e-06,116.99000000002295,184.56658777278892,206.89090548248507,22.324317709696146
1200,7,gau,1/sqrt(T),1e-06,1e-06,117.66000000002329,183.85582470812625,205.74955699907224,21.89373229094599
1200,8,gau,1/sqrt(T),1e-06,1e-06,113.180000000021,177.14381959793005,198.14606226225723,21.002242664327184
1200,9,gau,1/sqrt(T),1e-06,1e-06,118.38000000002366,186.50340655952567,203.1207262850292,16.617319725503535
1300,0,gau,1/sqrt(T),1e-06,1e-06,125.37000000002723,184.68951225585982,217.8304187063621,33.140906450502285
1300,1,gau,1/sqrt(T),1e-06,1e-06,131.57000000002532,213.3445320651928,245.95855487156334,32.61402280637054
1300,2,gau,1/sqrt(T),1e-06,1e-06,119.48000000002422,197.4200307097677,219.7861788690397,22.366148159272
1300,3,gau,1/sqrt(T),1e-06,1e-06,122.69000000002586,202.2987783943793,231.28555515510146,28.986776760722165
1300,4,gau,1/sqrt(T),1e-06,1e-06,122.32000000002567,204.19936676609973,221.18856599815066,16.989199232050936
1300,5,gau,1/sqrt(T),1e-06,1e-06,139.24000000001834,183.33087732165762,207.62342171848422,24.2925443968266
1300,6,gau,1/sqrt(T),1e-06,1e-06,127.09000000002811,177.39031905239088,198.40807641792583,21.017757365534948
1300,7,gau,1/sqrt(T),1e-06,1e-06,124.26000000002666,211.3560642810975,229.5199968963227,18.163932615225207
1300,8,gau,1/sqrt(T),1e-06,1e-06,123.79000000002642,175.23908472576804,189.4263318509952,14.187247125227174
1300,9,gau,1/sqrt(T),1e-06,1e-06,119.68000000002432,196.67661073495844,217.82879870240913,21.152187967450686
1400,0,gau,1/sqrt(T),1e-06,1e-06,125.42000000002726,215.51242488550102,231.31934957769946,15.806924692198436
1400,1,gau,1/sqrt(T),1e-06,1e-06,129.25000000002743,196.64007812009797,225.3971720387024,28.757093918604426
1400,2,gau,1/sqrt(T),1e-06,1e-06,130.3900000000264,235.10078585304532,256.60194948859174,21.50116363554642
1400,3,gau,1/sqrt(T),1e-06,1e-06,131.32000000002554,221.59163022822594,246.95810584868497,25.366475620459028
1400,4,gau,1/sqrt(T),1e-06,1e-06,130.0400000000267,205.31136768419077,241.68098345941144,36.369615775220666
1400,5,gau,1/sqrt(T),1e-06,1e-06,131.3700000000255,204.92375474194387,228.5702419742617,23.64648723231784
1400,6,gau,1/sqrt(T),1e-06,1e-06,130.7100000000261,226.20458828915662,265.4932890159353,39.2887007267787
1400,7,gau,1/sqrt(T),1e-06,1e-06,145.36000000001277,206.4581528981236,237.03007984615138,30.571926948027794
1400,8,gau,1/sqrt(T),1e-06,1e-06,132.74000000002425,183.1563400677663,206.1773886217604,23.021048553994092
1400,9,gau,1/sqrt(T),1e-06,1e-06,125.07000000002708,209.4618148106473,219.29119141720858,9.829376606561283
1500,0,gau,1/sqrt(T),1e-06,1e-06,133.7800000000233,212.99660366552317,237.1583339147438,24.161730249220625
1500,1,gau,1/sqrt(T),1e-06,1e-06,133.70000000002338,229.28174220187236,248.7491337994981,19.46739159762575
1500,2,gau,1/sqrt(T),1e-06,1e-06,132.21000000002473,231.43742714970276,260.04737182816643,28.609944678463677
1500,3,gau,1/sqrt(T),1e-06,1e-06,139.0500000000185,236.21654774880332,261.400379447184,25.183831698380658
1500,4,gau,1/sqrt(T),1e-06,1e-06,135.7600000000215,230.28481962536395,261.8256475681155,31.540827942751577
1500,5,gau,1/sqrt(T),1e-06,1e-06,149.77000000000876,234.67965685054168,251.80638661741563,17.12672976687395
1500,6,gau,1/sqrt(T),1e-06,1e-06,134.84000000002234,217.92592549947764,244.06233719586345,26.136411696385807
1500,7,gau,1/sqrt(T),1e-06,1e-06,149.22000000000926,214.72320137569443,245.4802097241909,30.75700834849647
1500,8,gau,1/sqrt(T),1e-06,1e-06,135.3200000000219,233.0601445843608,256.27373550488494,23.213590920524126
1500,9,gau,1/sqrt(T),1e-06,1e-06,131.86000000002505,242.77764643990724,255.98031277431545,13.202666334408207
1600,0,gau,1/sqrt(T),1e-06,1e-06,142.55000000001533,245.13333870867518,265.65726455214576,20.52392584347058
1600,1,gau,1/sqrt(T),1e-06,1e-06,141.12000000001663,233.37234034838318,256.58192127281524,23.20958092443206
1600,2,gau,1/sqrt(T),1e-06,1e-06,138.70000000001883,246.24628510416292,269.58077434221514,23.334489238052214
1600,3,gau,1/sqrt(T),1e-06,1e-06,136.90000000002047,242.5968900794976,264.5605854410814,21.963695361583802
1600,4,gau,1/sqrt(T),1e-06,1e-06,139.630000000018,262.48753057389695,289.48536668239126,26.99783610849431
1600,5,gau,1/sqrt(T),1e-06,1e-06,139.88000000001776,244.0502479680873,268.51672395392507,24.466475985837775
1600,6,gau,1/sqrt(T),1e-06,1e-06,138.1900000000193,238.77032303729126,261.2986954780863,22.52837244079504
1600,7,gau,1/sqrt(T),1e-06,1e-06,139.55000000001806,228.23355730268244,264.6135424869173,36.37998518423487
1600,8,gau,1/sqrt(T),1e-06,1e-06,142.4700000000154,224.55163947321088,248.86438897448286,24.31274950127198
1600,9,gau,1/sqrt(T),1e-06,1e-06,141.74000000001607,243.77929561009395,265.4196648007327,21.640369190638722
1700,0,gau,1/sqrt(T),1e-06,1e-06,143.26000000001468,240.76236590231747,268.7951727815958,28.032806879278326
1700,1,gau,1/sqrt(T),1e-06,1e-06,160.53999999999897,259.497267632459,294.082130999203,34.584863366744
1700,2,gau,1/sqrt(T),1e-06,1e-06,142.40000000001547,250.55455905972025,275.9873538565646,25.432794796844348
1700,3,gau,1/sqrt(T),1e-06,1e-06,149.91000000000864,268.84086450998706,280.42066506738297,11.579800557395913
1700,4,gau,1/sqrt(T),1e-06,1e-06,150.04000000000852,239.87260403160917,266.4996472944602,26.627043262851032
1700,5,gau,1/sqrt(T),1e-06,1e-06,143.6900000000143,256.61922113081727,289.43639914747405,32.81717801665678
1700,6,gau,1/sqrt(T),1e-06,1e-06,146.78000000001148,252.65292958905485,278.48219607279714,25.829266483742288
1700,7,gau,1/sqrt(T),1e-06,1e-06,143.70000000001428,257.43464059388435,287.7072599803273,30.272619386442955
1700,8,gau,1/sqrt(T),1e-06,1e-06,147.23000000001107,259.82838051812314,285.80720539680317,25.97882487868003
1700,9,gau,1/sqrt(T),1e-06,1e-06,147.9800000000104,276.31237386759466,295.53503532613274,19.222661458538084
1800,0,gau,1/sqrt(T),1e-06,1e-06,149.12000000000936,273.5403168712861,294.54559861328096,21.00528174199485
1800,1,gau,1/sqrt(T),1e-06,1e-06,147.95000000001042,280.5838647044447,298.5497362709734,17.965871566528733
1800,2,gau,1/sqrt(T),1e-06,1e-06,148.04000000001034,270.2744245951119,301.9283387904462,31.653914195334323
1800,3,gau,1/sqrt(T),1e-06,1e-06,148.5300000000099,243.82871672889584,266.0275420873378,22.19882535844195
1800,4,gau,1/sqrt(T),1e-06,1e-06,152.5900000000062,296.8786770642356,324.09750237158113,27.218825307345526
1800,5,gau,1/sqrt(T),1e-06,1e-06,155.5600000000035,275.9971554018923,302.30535226827993,26.30819686638762
1800,6,gau,1/sqrt(T),1e-06,1e-06,155.87000000000322,284.7671567645855,320.46090829859224,35.693751534006765
1800,7,gau,1/sqrt(T),1e-06,1e-06,148.55000000000987,305.17179720688995,321.8238489495989,16.652051742708977
1800,8,gau,1/sqrt(T),1e-06,1e-06,157.68000000000157,274.5552647494398,295.3731416847525,20.81787693531271
1800,9,gau,1/sqrt(T),1e-06,1e-06,148.8400000000096,299.66714957868635,329.31205345780114,29.644903879114793
1900,0,gau,1/sqrt(T),1e-06,1e-06,154.88000000000412,319.1365734539043,332.6493052880274,13.512731834123088
1900,1,gau,1/sqrt(T),1e-06,1e-06,157.57000000000167,285.96196980595994,312.1014143505371,26.139444544577145
1900,2,gau,1/sqrt(T),1e-06,1e-06,154.42000000000453,313.51894431046117,345.0424862272186,31.523541916757438
1900,3,gau,1/sqrt(T),1e-06,1e-06,161.31999999999826,290.35536251231997,327.03279753508355,36.677435022763575
1900,4,gau,1/sqrt(T),1e-06,1e-06,158.6500000000007,280.4527242453249,306.82083416724976,26.368109921924884
1900,5,gau,1/sqrt(T),1e-06,1e-06,164.7999999999951,279.95543461929526,309.8198562368649,29.864421617569633
1900,6,gau,1/sqrt(T),1e-06,1e-06,154.43000000000453,289.9134496661615,327.7802727342939,37.86682306813236
1900,7,gau,1/sqrt(T),1e-06,1e-06,154.18000000000475,301.08284810170227,321.0789822301253,19.996134128423023
1900,8,gau,1/sqrt(T),1e-06,1e-06,155.1100000000039,292.2541228135078,316.41338573927834,24.15926292577052
1900,9,gau,1/sqrt(T),1e-06,1e-06,159.9599999999995,287.99303397952207,312.32902401198794,24.335990032465872
2000,0,gau,1/sqrt(T),1e-06,1e-06,169.03999999999124,284.5548856815891,320.0824124151414,35.52752673355229
2000,1,gau,1/sqrt(T),1e-06,1e-06,173.41999999998725,328.2744355513116,351.6418963466577,23.367460795346062
2000,2,gau,1/sqrt(T),1e-06,1e-06,160.1799999999993,302.83494539676894,335.88473984347996,33.04979444671102
2000,3,gau,1/sqrt(T),1e-06,1e-06,166.74999999999332,318.5849904160475,348.15376391927134,29.568773503223838
2000,4,gau,1/sqrt(T),1e-06,1e-06,159.57999999999984,308.4013970540467,334.78618748623694,26.384790432190243
2000,5,gau,1/sqrt(T),1e-06,1e-06,160.56999999999894,288.8835215969113,312.31518483853114,23.431663241619844
2000,6,gau,1/sqrt(T),1e-06,1e-06,162.3599999999973,326.6013998856059,357.5527553220962,30.951355436490303
2000,7,gau,1/sqrt(T),1e-06,1e-06,159.76999999999967,297.12100136979984,340.2743415049982,43.153340135198334
2000,8,gau,1/sqrt(T),1e-06,1e-06,164.2399999999956,305.60382727797383,339.35748810004065,33.75366082206682
2000,9,gau,1/sqrt(T),1e-06,1e-06,166.7799999999933,305.32662851658876,339.11617036443073,33.789541847841974
2100,0,gau,1/sqrt(T),1e-06,1e-06,167.60999999999254,326.6688019947117,358.29582441511155,31.62702242039984
2100,1,gau,1/sqrt(T),1e-06,1e-06,164.94999999999496,315.94876089694645,359.5217744451373,43.57301354819083
2100,2,gau,1/sqrt(T),1e-06,1e-06,169.33999999999097,342.4531568048657,372.06799345515395,29.614836650288225
2100,3,gau,1/sqrt(T),1e-06,1e-06,167.48999999999265,344.40423615425607,379.03857297716536,34.63433682290929
2100,4,gau,1/sqrt(T),1e-06,1e-06,169.22999999999107,307.688354340844,335.41041964923534,27.722065308391336
2100,5,gau,1/sqrt(T),1e-06,1e-06,175.08999999998574,311.53682254780625,340.28462080003146,28.74779825222521
2100,6,gau,1/sqrt(T),1e-06,1e-06,168.12999999999207,320.9436344882986,351.62773246337224,30.684097975073655
2100,7,gau,1/sqrt(T),1e-06,1e-06,166.13999999999388,303.82263475082226,345.4847550181616,41.66212026733933
2100,8,gau,1/sqrt(T),1e-06,1e-06,163.93999999999588,325.0169579692988,359.64433080449913,34.62737283520033
2100,9,gau,1/sqrt(T),1e-06,1e-06,163.49999999999628,310.8980462560291,350.1060050681104,39.2079588120813
2200,0,gau,1/sqrt(T),1e-06,1e-06,174.74999999998604,340.34581449163176,366.51782881793974,26.172014326307988
2200,1,gau,1/sqrt(T),1e-06,1e-06,171.0599999999894,348.07913562555905,386.5895357978462,38.51040017228718
2200,2,gau,1/sqrt(T),1e-06,1e-06,171.66999999998885,369.0218785752889,398.19705898182724,29.175180406538345
2200,3,gau,1/sqrt(T),1e-06,1e-06,173.66999999998703,324.33833264907605,356.64350904632477,32.305176397248715
2200,4,gau,1/sqrt(T),1e-06,1e-06,177.15999999998385,331.3672473767526,379.6310135523338,48.263766175581225
2200,5,gau,1/sqrt(T),1e-06,1e-06,174.18999999998655,354.1041852176936,404.10430505842055,50.00011984072694
2200,6,gau,1/sqrt(T),1e-06,1e-06,174.21999999998653,365.59954741948565,395.80131082530085,30.2017634058152
2200,7,gau,1/sqrt(T),1e-06,1e-06,171.3799999999891,318.85907509514004,354.703195219041,35.84412012390095
2200,8,gau,1/sqrt(T),1e-06,1e-06,176.36999999998457,320.98835980496733,347.6170590538416,26.628699248874284
2200,9,gau,1/sqrt(T),1e-06,1e-06,180.24999999998104,323.0212855229019,357.47245795361476,34.45117243071286
2300,0,gau,1/sqrt(T),1e-06,1e-06,194.82999999996778,359.2427316453392,380.23324867030294,20.990517024963765
2300,1,gau,1/sqrt(T),1e-06,1e-06,179.03999999998214,351.2409603625118,383.71816411134733,32.47720374883551
2300,2,gau,1/sqrt(T),1e-06,1e-06,176.3399999999846,375.77210574349283,411.42219485414665,35.65008911065382
2300,3,gau,1/sqrt(T),1e-06,1e-06,197.93999999996495,352.8068708571862,384.0390656481751,31.2321947909889
2300,4,gau,1/sqrt(T),1e-06,1e-06,180.54999999998077,329.07390590624493,369.17241412389296,40.09850821764803
2300,5,gau,1/sqrt(T),1e-06,1e-06,175.27999999998556,340.0462744588898,370.8078896442123,30.761615185322512
2300,6,gau,1/sqrt(T),1e-06,1e-06,174.18999999998655,348.60523125435725,385.413134429428,36.80790317507075
2300,7,gau,1/sqrt(T),1e-06,1e-06,177.25999999998376,365.8298431598256,397.9258369323472,32.09599377252158
2300,8,gau,1/sqrt(T),1e-06,1e-06,191.19999999997108,348.0307670933678,367.6060464116639,19.57527931829611
2300,9,gau,1/sqrt(T),1e-06,1e-06,178.9699999999822,354.15438573520333,400.65755553828814,46.5031698030848
2400,0,gau,1/sqrt(T),1e-06,1e-06,186.5699999999753,378.8034507224313,409.79506817232044,30.991617449889134
2400,1,gau,1/sqrt(T),1e-06,1e-06,202.0599999999612,428.88562022846844,458.24222051449107,29.356600286022626
2400,2,gau,1/sqrt(T),1e-06,1e-06,181.30999999998008,363.5245532826008,392.7064326422728,29.181879359671996
2400,3,gau,1/sqrt(T),1e-06,1e-06,180.54999999998077,349.22483343696626,377.2131620220411,27.98832858507484
2400,4,gau,1/sqrt(T),1e-06,1e-06,181.45999999997994,379.56341151864984,409.06817650700464,29.504764988354793
2400,5,gau,1/sqrt(T),1e-06,1e-06,182.53999999997896,369.2860190336896,402.0776920866523,32.791673052962665
2400,6,gau,1/sqrt(T),1e-06,1e-06,183.54999999997804,395.8455616890814,416.37573398830483,20.53017229922341
2400,7,gau,1/sqrt(T),1e-06,1e-06,182.12999999997933,354.9944944225478,391.0621757693681,36.06768134682028
2400,8,gau,1/sqrt(T),1e-06,1e-06,205.94999999995767,371.7893135623904,406.4427494782364,34.65343591584599
2400,9,gau,1/sqrt(T),1e-06,1e-06,179.5299999999817,359.27921677506106,391.67456173174884,32.39534495668778
2500,0,gau,1/sqrt(T),1e-06,1e-06,184.08999999997755,406.5697070103033,425.313543189989,18.743836179685673
2500,1,gau,1/sqrt(T),1e-06,1e-06,200.80999999996234,386.5749541277615,411.77526125854337,25.20030713078188
2500,2,gau,1/sqrt(T),1e-06,1e-06,184.709999999977,390.90253779943384,428.5756152878493,37.67307748841546
2500,3,gau,1/sqrt(T),1e-06,1e-06,187.60999999997435,405.9924395950368,431.73244910272456,25.740009507687773
2500,4,gau,1/sqrt(T),1e-06,1e-06,187.15999999997476,380.8140824804721,414.83376847302026,34.01968599254815
2500,5,gau,1/sqrt(T),1e-06,1e-06,185.76999999997602,435.69094824861315,467.81570624613965,32.1247579975265
2500,6,gau,1/sqrt(T),1e-06,1e-06,184.31999999997734,413.0567870882785,446.70164247224614,33.64485538396764
2500,7,gau,1/sqrt(T),1e-06,1e-06,187.0099999999749,400.2053551541711,444.2812542363404,44.07589908216926
2500,8,gau,1/sqrt(T),1e-06,1e-06,186.39999999997545,395.2317254327777,435.67819185728644,40.44646642450874
2500,9,gau,1/sqrt(T),1e-06,1e-06,184.07999999997756,410.5101001530949,449.07438622564126,38.56428607254634
2600,0,gau,1/sqrt(T),1e-06,1e-06,194.3699999999682,398.75118975829616,420.3261112236551,21.574921465358955
2600,1,gau,1/sqrt(T),1e-06,1e-06,197.31999999996552,382.43796602667476,406.5130236447755,24.075057618100743
2600,2,gau,1/sqrt(T),1e-06,1e-06,191.0599999999712,388.5240887728832,414.5257538899712,26.00166511708801
2600,3,gau,1/sqrt(T),1e-06,1e-06,191.99999999997036,377.61675272332985,418.6192556787728,41.002502955442935
2600,4,gau,1/sqrt(T),1e-06,1e-06,199.6399999999634,367.2153407172587,406.41370226968746,39.198361552428764
2600,5,gau,1/sqrt(T),1e-06,1e-06,191.7199999999706,378.93426914831275,421.5058176897779,42.57154854146518
2600,6,gau,1/sqrt(T),1e-06,1e-06,190.5199999999717,412.86660824950786,433.130607277108,20.263999027600164
2600,7,gau,1/sqrt(T),1e-06,1e-06,191.90999999997044,407.530999062758,449.0759572031476,41.54495814038961
2600,8,gau,1/sqrt(T),1e-06,1e-06,189.78999999997237,420.889532010411,454.54336153633903,33.65382952592802
2600,9,gau,1/sqrt(T),1e-06,1e-06,190.9499999999713,415.0649742621905,446.3919667444634,31.326992482272885
2700,0,gau,1/sqrt(T),1e-06,1e-06,200.079999999963,426.6454442097516,465.2917474649257,38.64630325517413
2700,1,gau,1/sqrt(T),1e-06,1e-06,204.11999999995933,440.35188537591597,466.22087856265637,25.868993186740397
2700,2,gau,1/sqrt(T),1e-06,1e-06,210.12999999995387,403.0913751587605,428.1102820244153,25.0189068656548
2700,3,gau,1/sqrt(T),1e-06,1e-06,202.55999999996075,416.6964549437372,452.5233650857422,35.82691014200503
2700,4,gau,1/sqrt(T),1e-06,1e-06,195.63999999996705,387.9254497964941,434.45582104989677,46.53037125340268
2700,5,gau,1/sqrt(T),1e-06,1e-06,200.32999999996278,419.8993063049737,456.6202978255071,36.7209915205334
2700,6,gau,1/sqrt(T),1e-06,1e-06,196.65999999996612,394.0445473262595,436.80476737655647,42.760220050296994
2700,7,gau,1/sqrt(T),1e-06,1e-06,203.98999999995945,405.3039256878564,438.6471655417741,33.34323985391768
2700,8,gau,1/sqrt(T),1e-06,1e-06,208.69999999995517,396.0678781472647,438.0190636664147,41.95118551914999
2700,9,gau,1/sqrt(T),1e-06,1e-06,195.3699999999673,382.36107967868827,416.7434441518972,34.38236447320895
2800,0,gau,1/sqrt(T),1e-06,1e-06,201.91999999996133,435.2790026169888,473.42762305676365,38.148620439774845
2800,1,gau,1/sqrt(T),1e-06,1e-06,199.9799999999631,418.7477959884071,448.6108121353318,29.86301614692468
2800,2,gau,1/sqrt(T),1e-06,1e-06,205.2599999999583,423.63444263085563,480.48106549148395,56.846622860628315
2800,3,gau,1/sqrt(T),1e-06,1e-06,204.07999999995937,449.81998052028854,485.77597197406084,35.9559914537723
2800,4,gau,1/sqrt(T),1e-06,1e-06,203.8199999999596,439.84294684273914,476.4272647052382,36.58431786249906
2800,5,gau,1/sqrt(T),1e-06,1e-06,201.14999999996203,429.5288211743055,474.2778661922704,44.749045017964875
2800,6,gau,1/sqrt(T),1e-06,1e-06,207.09999999995662,442.1600966531321,481.76242997394894,39.602333320816854
2800,7,gau,1/sqrt(T),1e-06,1e-06,200.36999999996274,400.90389996300036,440.22285858138946,39.318958618389104
2800,8,gau,1/sqrt(T),1e-06,1e-06,204.67999999995882,443.8159461492034,472.55600513528015,28.740058986076747
2800,9,gau,1/sqrt(T),1e-06,1e-06,199.47999999996355,470.1096701049005,505.107630284547,34.9979601796465
2900,0,gau,1/sqrt(T),1e-06,1e-06,205.75999999995784,463.976911078213,493.4451702415785,29.46825916336553
2900,1,gau,1/sqrt(T),1e-06,1e-06,203.57999999995982,468.27546392073816,500.50137392287814,32.22591000213998
2900,2,gau,1/sqrt(T),1e-06,1e-06,204.499999999959,431.69882606557695,471.13288115459125,39.434055089014294
2900,3,gau,1/sqrt(T),1e-06,1e-06,204.52999999995896,428.29214701901736,465.7877905338756,37.495643514858216
2900,4,gau,1/sqrt(T),1e-06,1e-06,204.489999999959,430.3503171841835,478.1267064370206,47.77638925283708
2900,5,gau,1/sqrt(T),1e-06,1e-06,207.6799999999561,421.4483127080172,461.9831137432697,40.534801035252485
2900,6,gau,1/sqrt(T),1e-06,1e-06,213.03999999995122,446.16324549218524,486.8157314260392,40.65248593385394
2900,7,gau,1/sqrt(T),1e-06,1e-06,237.86999999992864,452.0678373614289,507.98561817176756,55.917780810338684
2900,8,gau,1/sqrt(T),1e-06,1e-06,205.579999999958,464.36850024633935,509.7256142309647,45.35711398462536
2900,9,gau,1/sqrt(T),1e-06,1e-06,210.9699999999531,447.14215627876183,478.17012839382846,31.027972115066632
3000,0,gau,1/sqrt(T),1e-06,1e-06,207.9099999999559,446.04714724313504,484.9491946513525,38.90204740821747
3000,1,gau,1/sqrt(T),1e-06,1e-06,213.41999999995087,498.58990932206564,533.1640857746992,34.57417645263354
3000,2,gau,1/sqrt(T),1e-06,1e-06,210.94999999995312,468.90947509792557,506.76170732340796,37.852232225482396
3000,3,gau,1/sqrt(T),1e-06,1e-06,212.47999999995173,466.83987423201916,509.1995994749277,42.35972524290855
3000,4,gau,1/sqrt(T),1e-06,1e-06,208.1299999999557,477.7170401984834,515.5524040966184,37.83536389813497
3000,5,gau,1/sqrt(T),1e-06,1e-06,209.56999999995438,479.9699859405663,513.6254387496526,33.65545280908634
3000,6,gau,1/sqrt(T),1e-06,1e-06,209.38999999995454,442.4829075397953,479.6277302838853,37.14482274408999
3000,7,gau,1/sqrt(T),1e-06,1e-06,209.58999999995436,476.93945180099075,513.9984319474482,37.058980146457486
3000,8,gau,1/sqrt(T),1e-06,1e-06,209.1099999999548,455.9698619668895,494.2908005204212,38.32093855353173
3000,9,gau,1/sqrt(T),1e-06,1e-06,212.76999999995147,491.1523709271159,511.72313765681133,20.570766729695436
3100,0,gau,1/sqrt(T),1e-06,1e-06,226.71999999993878,513.1032169920286,556.4797853988291,43.376568406800516
3100,1,gau,1/sqrt(T),1e-06,1e-06,242.71999999992423,450.92073143957236,506.5217839795741,55.60105254000172
3100,2,gau,1/sqrt(T),1e-06,1e-06,213.20999999995107,469.7696161702065,515.5817351535552,45.81211898334868
3100,3,gau,1/sqrt(T),1e-06,1e-06,229.48999999993626,439.59989487573523,485.24465411711134,45.64475924137611
3100,4,gau,1/sqrt(T),1e-06,1e-06,213.4899999999508,491.12489356811705,528.0532844565757,36.928390888458694
3100,5,gau,1/sqrt(T),1e-06,1e-06,234.169999999932,481.4543715030238,529.2460432000581,47.7916716970343
3100,6,gau,1/sqrt(T),1e-06,1e-06,215.67999999994882,480.6001566718475,526.406022456071,45.8058657842235
3100,7,gau,1/sqrt(T),1e-06,1e-06,223.25999999994193,479.7175315947208,525.6801543276327,45.96262273291194
3100,8,gau,1/sqrt(T),1e-06,1e-06,215.49999999994898,478.5928350379959,513.6114965236563,35.01866148566046
3100,9,gau,1/sqrt(T),1e-06,1e-06,223.30999999994188,521.0358338035697,566.3154068951118,45.279573091542034
3200,0,gau,1/sqrt(T),1e-06,1e-06,234.9299999999313,486.0994542222643,517.8582365946535,31.75878237238919
3200,1,gau,1/sqrt(T),1e-06,1e-06,224.57999999994072,508.1288363929996,549.5639055775217,41.43506918452215
3200,2,gau,1/sqrt(T),1e-06,1e-06,221.23999999994376,534.7810107559128,571.1565233375621,36.37551258164933
3200,3,gau,1/sqrt(T),1e-06,1e-06,218.08999999994663,510.31831433999247,543.3217952270319,33.003480887039416
3200,4,gau,1/sqrt(T),1e-06,1e-06,222.98999999994217,476.088484343391,501.0947537597728,25.006269416381826
3200,5,gau,1/sqrt(T),1e-06,1e-06,219.72999999994514,496.8328665291772,538.0127781557302,41.17991162655301
3200,6,gau,1/sqrt(T),1e-06,1e-06,221.4099999999436,500.60888262011844,536.4479960672054,35.83911344708696
3200,7,gau,1/sqrt(T),1e-06,1e-06,220.00999999994488,521.4101649610801,555.7982208240877,34.388055863007594
3200,8,gau,1/sqrt(T),1e-06,1e-06,225.31999999994005,491.9692881662372,537.9823151156629,46.013026949425694
3200,9,gau,1/sqrt(T),1e-06,1e-06,217.50999999994715,529.2907698129496,560.2552210997499,30.964451286800227
3300,0,gau,1/sqrt(T),1e-06,1e-06,224.01999999994123,491.4639130238784,533.2027587852482,41.73884576136982
3300,1,gau,1/sqrt(T),1e-06,1e-06,227.33999999993821,520.9763969811855,557.2246322900739,36.24823530888841
3300,2,gau,1/sqrt(T),1e-06,1e-06,221.91999999994314,546.987072643829,579.6497104738007,32.662637829971686
3300,3,gau,1/sqrt(T),1e-06,1e-06,227.94999999993766,557.5256717766121,600.9673302812242,43.44165850461218
3300,4,gau,1/sqrt(T),1e-06,1e-06,223.9499999999413,499.9107245810436,554.0089055964561,54.09818101541248
3300,5,gau,1/sqrt(T),1e-06,1e-06,226.98999999993853,501.493756162292,561.7943914148593,60.300635252567304
3300,6,gau,1/sqrt(T),1e-06,1e-06,226.40999999993906,533.3884041704443,562.2673107114603,28.87890654101591
3300,7,gau,1/sqrt(T),1e-06,1e-06,223.2999999999419,468.84455479847827,515.5993978766319,46.75484307815361
3300,8,gau,1/sqrt(T),1e-06,1e-06,223.01999999994214,490.9618007059487,540.9414260893315,49.97962538338277
3300,9,gau,1/sqrt(T),1e-06,1e-06,222.56999999994255,534.4572724014193,572.8888179318129,38.43154553039358
3400,0,gau,1/sqrt(T),1e-06,1e-06,238.98999999992762,569.5675589089046,599.2756166178572,29.708057708952538
3400,1,gau,1/sqrt(T),1e-06,1e-06,231.4099999999345,547.7082827024832,584.5350061045175,36.826723402034304
3400,2,gau,1/sqrt(T),1e-06,1e-06,225.79999999993962,531.3454256124784,577.8681544755052,46.52272886302683
3400,3,gau,1/sqrt(T),1e-06,1e-06,240.29999999992643,549.9815005431573,586.6458886013452,36.66438805818791
3400,4,gau,1/sqrt(T),1e-06,1e-06,237.39999999992907,519.3133756250099,548.7447420381152,29.431366413105252
3400,5,gau,1/sqrt(T),1e-06,1e-06,226.0299999999394,493.9608756121936,527.9608873935507,34.0000117813571
3400,6,gau,1/sqrt(T),1e-06,1e-06,239.82999999992686,512.1882142060754,543.4430300702805,31.25481586420517
3400,7,gau,1/sqrt(T),1e-06,1e-06,232.34999999993366,517.03724032067,565.3828818498741,48.34564152920416
3400,8,gau,1/sqrt(T),1e-06,1e-06,234.169999999932,512.2969708104199,558.4426907687712,46.145719958351265
3400,9,gau,1/sqrt(T),1e-06,1e-06,228.51999999993714,550.1685105196609,591.9990964742063,41.83058595454543
3500,0,gau,1/sqrt(T),1e-06,1e-06,243.6399999999234,545.6473372744621,590.0573789411221,44.41004166666005
3500,1,gau,1/sqrt(T),1e-06,1e-06,235.31999999993096,503.5183238773337,543.0454912355829,39.52716735824913
3500,2,gau,1/sqrt(T),1e-06,1e-06,237.49999999992897,518.2073108552062,563.6959992696914,45.48868841448518
3500,3,gau,1/sqrt(T),1e-06,1e-06,231.94999999993402,554.600045534179,620.144297811734,65.54425227755496
3500,4,gau,1/sqrt(T),1e-06,1e-06,232.35999999993365,539.5676693268894,571.1807349271846,31.613065600295272
3500,5,gau,1/sqrt(T),1e-06,1e-06,231.76999999993419,531.5280247114197,572.5323584418826,41.00433373046292
3500,6,gau,1/sqrt(T),1e-06,1e-06,230.879999999935,521.3914443900275,570.0202766626818,48.628832272654336
3500,7,gau,1/sqrt(T),1e-06,1e-06,230.869999999935,547.3238410958234,598.6432368912017,51.31939579537834
3500,8,gau,1/sqrt(T),1e-06,1e-06,232.67999999993336,551.0234872543805,610.2694327260024,59.245945471621894
3500,9,gau,1/sqrt(T),1e-06,1e-06,234.36999999993182,575.1214001393312,632.9185669188329,57.79716677950171
3600,0,gau,1/sqrt(T),1e-06,1e-06,239.9999999999267,554.70828919739,599.5774005462968,44.86911134890681
3600,1,gau,1/sqrt(T),1e-06,1e-06,241.82999999992504,518.0707910599368,547.1554167208751,29.084625660938286
3600,2,gau,1/sqrt(T),1e-06,1e-06,237.93999999992857,573.3016113617088,616.0337817102084,42.73217034849961
3600,3,gau,1/sqrt(T),1e-06,1e-06,236.31999999993005,552.7864350202402,607.9052638746092,55.118828854368985
3600,4,gau,1/sqrt(T),1e-06,1e-06,241.3299999999255,576.5070655113979,633.0075427728801,56.500477261482274
3600,5,gau,1/sqrt(T),1e-06,1e-06,238.43999999992812,559.6163754435869,609.6808165461581,50.06444110257121
3600,6,gau,1/sqrt(T),1e-06,1e-06,237.1299999999293,556.6436043786254,613.1379839697347,56.49437959110935
3600,7,gau,1/sqrt(T),1e-06,1e-06,250.7799999999169,581.2022319483613,621.487148624132,40.28491667577077
3600,8,gau,1/sqrt(T),1e-06,1e-06,235.28999999993098,607.7614183265272,646.8371207017163,39.07570237518917
3600,9,gau,1/sqrt(T),1e-06,1e-06,235.86999999993046,565.6575010723036,614.3035404091569,48.64603933685328
3700,0,gau,1/sqrt(T),1e-06,1e-06,239.93999999992675,552.2504834364881,598.8191361441076,46.568652707619435
3700,1,gau,1/sqrt(T),1e-06,1e-06,265.6399999999034,592.7010161299623,642.7958895771148,50.09487344715251
3700,2,gau,1/sqrt(T),1e-06,1e-06,253.2099999999147,579.4111158157413,643.8009069945563,64.38979117881502
3700,3,gau,1/sqrt(T),1e-06,1e-06,243.59999999992343,561.9784119063647,610.7145629516298,48.736151045265046
3700,4,gau,1/sqrt(T),1e-06,1e-06,245.58999999992162,580.3587543745606,627.7075242482443,47.34876987368375
3700,5,gau,1/sqrt(T),1e-06,1e-06,239.51999999992714,567.2858311089946,613.073191799488,45.787360690493415
3700,6,gau,1/sqrt(T),1e-06,1e-06,240.84999999992593,620.0547486466571,655.0069107700737,34.95216212341654
3700,7,gau,1/sqrt(T),1e-06,1e-06,255.10999999991296,579.5746949818147,617.8687365681129,38.29404158629825
3700,8,gau,1/sqrt(T),1e-06,1e-06,245.7199999999215,586.43063465692,622.8836627189231,36.45302806200311
3700,9,gau,1/sqrt(T),1e-06,1e-06,243.7299999999233,576.3025221568778,625.6325365201471,49.330014363269356
3800,0,gau,1/sqrt(T),1e-06,1e-06,245.3899999999218,583.555834164355,620.407177980223,36.85134381586795
3800,1,gau,1/sqrt(T),1e-06,1e-06,252.28999999991552,616.8016808224967,653.3787031891471,36.57702236665045
3800,2,gau,1/sqrt(T),1e-06,1e-06,263.50999999990535,592.1808121828192,636.6505480884338,44.469735905614584
3800,3,gau,1/sqrt(T),1e-06,1e-06,255.80999999991232,588.0178993441916,642.3393657966875,54.32146645249588
3800,4,gau,1/sqrt(T),1e-06,1e-06,252.7399999999151,564.985851089812,629.2656536650413,64.27980257522938
3800,5,gau,1/sqrt(T),1e-06,1e-06,249.94999999991765,617.1082808386138,651.3377803217137,34.22949948309986
3800,6,gau,1/sqrt(T),1e-06,1e-06,250.50999999991714,589.0850399831938,622.4860788813272,33.40103889813338
3800,7,gau,1/sqrt(T),1e-06,1e-06,247.10999999992023,558.2436117579383,595.1231047604108,36.879493002472486
3800,8,gau,1/sqrt(T),1e-06,1e-06,247.61999999991977,638.62382955596,682.9681617144191,44.34433215845911
3800,9,gau,1/sqrt(T),1e-06,1e-06,252.27999999991553,559.8959269763869,621.1195366341858,61.223609657798875
3900,0,gau,1/sqrt(T),1e-06,1e-06,256.70999999991153,637.2031383607231,702.8599325406256,65.65679417990248
3900,1,gau,1/sqrt(T),1e-06,1e-06,255.43999999991266,593.8045149601469,643.9428335491399,50.138318588993
3900,2,gau,1/sqrt(T),1e-06,1e-06,254.02999999991394,577.1884880099998,619.5657766222705,42.37728861227072
3900,3,gau,1/sqrt(T),1e-06,1e-06,253.65999999991428,640.1901023904271,683.1543326961655,42.9642303057384
3900,4,gau,1/sqrt(T),1e-06,1e-06,248.28999999991916,604.8321847149039,660.8217875874084,55.98960287250452
3900,5,gau,1/sqrt(T),1e-06,1e-06,251.23999999991648,624.0392434920782,666.1182320028564,42.07898851077823
3900,6,gau,1/sqrt(T),1e-06,1e-06,249.0099999999185,593.5774641407439,626.5223578964875,32.94489375574358
3900,7,gau,1/sqrt(T),1e-06,1e-06,248.1499999999193,582.8666559012893,617.7190753183776,34.8524194170883
3900,8,gau,1/sqrt(T),1e-06,1e-06,250.93999999991675,640.2352897723047,678.3240459809167,38.08875620861204
3900,9,gau,1/sqrt(T),1e-06,1e-06,252.91999999991495,601.0128726410325,648.5893424658769,47.57646982484448
4000,0,gau,1/sqrt(T),1e-06,1e-06,253.67999999991426,623.5595155954707,662.3199338406139,38.76041824514323
4000,1,gau,1/sqrt(T),1e-06,1e-06,254.30999999991369,648.523872639981,688.2196035449771,39.695730904996026
4000,2,gau,1/sqrt(T),1e-06,1e-06,265.2099999999038,593.8913052533256,653.950299358578,60.058994105252395
4000,3,gau,1/sqrt(T),1e-06,1e-06,257.66999999991066,598.141265446848,660.1497375546517,62.00847210780364
4000,4,gau,1/sqrt(T),1e-06,1e-06,252.38999999991543,612.264429012845,672.7659049046467,60.50147589180176
4000,5,gau,1/sqrt(T),1e-06,1e-06,260.97999999990765,643.5854993898681,694.2060079116676,50.62050852179948
4000,6,gau,1/sqrt(T),1e-06,1e-06,259.86999999990866,666.672679723831,724.8320263762803,58.159346652449244
4000,7,gau,1/sqrt(T),1e-06,1e-06,255.12999999991294,632.6742261369379,683.0674136649126,50.393187527974646
4000,8,gau,1/sqrt(T),1e-06,1e-06,258.1799999999102,617.0336800569136,691.2654971886341,74.2318171317205
4000,9,gau,1/sqrt(T),1e-06,1e-06,255.3999999999127,640.7490847017044,688.1072601448321,47.35817544312772
4100,0,gau,1/sqrt(T),1e-06,1e-06,257.87999999991047,625.5213027131704,666.333612311204,40.81230959803361
4100,1,gau,1/sqrt(T),1e-06,1e-06,262.20999999990653,658.5532953714353,702.2387748717207,43.685479500285396
4100,2,gau,1/sqrt(T),1e-06,1e-06,262.6999999999061,636.8778283443455,715.7908704040414,78.91304205969584
4100,3,gau,1/sqrt(T),1e-06,1e-06,257.6399999999107,703.2061883315664,754.5460464636066,51.33985813204015
4100,4,gau,1/sqrt(T),1e-06,1e-06,257.78999999991055,669.3439180602065,723.288298881892,53.94438082168551
4100,5,gau,1/sqrt(T),1e-06,1e-06,258.56999999990984,620.7470863820873,676.4972770324724,55.75019065038509
4100,6,gau,1/sqrt(T),1e-06,1e-06,264.2399999999047,654.3811216443214,699.4317708009697,45.05064915664832
4100,7,gau,1/sqrt(T),1e-06,1e-06,259.2999999999092,657.659883101021,715.6492160539163,57.989332952895325
4100,8,gau,1/sqrt(T),1e-06,1e-06,260.3799999999082,676.1878575847682,722.6150849071716,46.427227322403496
4100,9,gau,1/sqrt(T),1e-06,1e-06,258.8599999999096,646.432312716495,681.6932465277891,35.260933811294194
4200,0,gau,1/sqrt(T),1e-06,1e-06,260.3499999999082,638.1034895194325,682.2131224039125,44.10963288447999
4200,1,gau,1/sqrt(T),1e-06,1e-06,273.5399999998962,690.1629020302139,735.0933814247694,44.930479394555505
4200,2,gau,1/sqrt(T),1e-06,1e-06,266.1799999999029,660.3397891465875,706.3477340726345,46.007944926047
4200,3,gau,1/sqrt(T),1e-06,1e-06,260.599999999908,623.877270936127,678.8249395859604,54.947668649833304
4200,4,gau,1/sqrt(T),1e-06,1e-06,263.4399999999054,655.256114224683,702.3011202152481,47.04500599056519
4200,5,gau,1/sqrt(T),1e-06,1e-06,269.5799999998998,653.3085654464807,701.4607299994972,48.15216455301652
4200,6,gau,1/sqrt(T),1e-06,1e-06,262.16999999990657,666.1493084030236,710.3556312231005,44.206322820076934
4200,7,gau,1/sqrt(T),1e-06,1e-06,267.4999999999017,673.4287230308469,722.6334652846577,49.20474225381088
4200,8,gau,1/sqrt(T),1e-06,1e-06,262.1499999999066,592.8313882796751,655.2618998081488,62.43051152847363
4200,9,gau,1/sqrt(T),1e-06,1e-06,261.18999999990746,678.5965520244109,727.2937067273143,48.69715470290339
4300,0,gau,1/sqrt(T),1e-06,1e-06,265.15999999990385,688.7567447167623,733.1104155226773,44.35367080591493
4300,1,gau,1/sqrt(T),1e-06,1e-06,267.3899999999018,636.3357900161366,705.3254623090602,68.98967229292361
4300,2,gau,1/sqrt(T),1e-06,1e-06,266.6699999999025,709.7609156868515,766.0098798909107,56.248964204059234
4300,3,gau,1/sqrt(T),1e-06,1e-06,274.69999999989517,679.0430311518696,738.6919352936634,59.648904141793764
4300,4,gau,1/sqrt(T),1e-06,1e-06,266.34999999990276,651.464303331457,690.026492017985,38.562188686527975
4300,5,gau,1/sqrt(T),1e-06,1e-06,268.32999999990096,677.9513837727504,750.5106072477158,72.55922347496539
4300,6,gau,1/sqrt(T),1e-06,1e-06,266.2999999999028,693.1399204645575,746.3896218558767,53.24970139131926
4300,7,gau,1/sqrt(T),1e-06,1e-06,264.5599999999044,651.3892396462653,711.3270783337855,59.937838687520184
4300,8,gau,1/sqrt(T),1e-06,1e-06,265.15999999990385,664.5463039297281,704.1496632778211,39.60335934809302
4300,9,gau,1/sqrt(T),1e-06,1e-06,272.75999999989693,684.6388923745221,729.6064582520447,44.96756587752259
4400,0,gau,1/sqrt(T),1e-06,1e-06,278.90999999989134,687.2598775187128,746.7799363923415,59.52005887362873
4400,1,gau,1/sqrt(T),1e-06,1e-06,272.4699999998972,707.9765453785695,749.6811409217672,41.704595543197684
4400,2,gau,1/sqrt(T),1e-06,1e-06,275.04999999989485,672.2952120048568,724.051609849479,51.75639784462214
4400,3,gau,1/sqrt(T),1e-06,1e-06,270.3599999998991,738.4726131892442,796.8816933869123,58.40908019766812
4400,4,gau,1/sqrt(T),1e-06,1e-06,269.1999999999002,686.6712373304027,736.962965593194,50.29172826279125
4400,5,gau,1/sqrt(T),1e-06,1e-06,277.00999999989307,744.578348921527,792.2130404280243,47.63469150649735
4400,6,gau,1/sqrt(T),1e-06,1e-06,269.66999999989974,629.3073621784258,695.6763319624433,66.36896978401751
4400,7,gau,1/sqrt(T),1e-06,1e-06,269.22999999990014,692.839112545618,740.7302757529627,47.891163207344675
4400,8,gau,1/sqrt(T),1e-06,1e-06,277.89999999989226,692.9259852783186,754.055888207819,61.129902929500304
4400,9,gau,1/sqrt(T),1e-06,1e-06,274.62999999989523,726.5115873411413,772.7551384178715,46.24355107673023
4500,0,gau,1/sqrt(T),1e-06,1e-06,277.5199999998926,712.8034816310017,768.2896473874604,55.48616575645872
4500,1,gau,1/sqrt(T),1e-06,1e-06,285.83999999988504,684.5272034102901,731.8155406529644,47.28833724267429
4500,2,gau,1/sqrt(T),1e-06,1e-06,279.4999999998908,697.6684988031478,747.2401027080307,49.57160390488286
4500,3,gau,1/sqrt(T),1e-06,1e-06,274.6399999998952,735.2053419770588,779.822558687141,44.61721671008229
4500,4,gau,1/sqrt(T),1e-06,1e-06,276.93999999989313,733.3178886864713,781.8364972292392,48.51860854276788
4500,5,gau,1/sqrt(T),1e-06,1e-06,275.4099999998945,736.0498865078139,787.7487865033924,51.69889999557847
4500,6,gau,1/sqrt(T),1e-06,1e-06,274.40999999989543,724.0068660078203,775.7717157060595,51.76484969823912
4500,7,gau,1/sqrt(T),1e-06,1e-06,284.08999999988663,693.1672930293215,723.338753722606,30.17146069328453
4500,8,gau,1/sqrt(T),1e-06,1e-06,283.31999999988733,715.9922355350423,755.9312563260478,39.93902079100553
4500,9,gau,1/sqrt(T),1e-06,1e-06,274.7999999998951,704.4947173286946,750.3812699022066,45.88655257351195
4600,0,gau,1/sqrt(T),1e-06,1e-06,282.8099999998878,746.5948832224614,780.8412253471707,34.24634212470937
4600,1,gau,1/sqrt(T),1e-06,1e-06,277.8599999998923,690.7603628356959,754.4275516518628,63.66718881616691
4600,2,gau,1/sqrt(T),1e-06,1e-06,284.8699999998859,748.8323428545159,803.6871074110879,54.854764556572036
4600,3,gau,1/sqrt(T),1e-06,1e-06,278.5099999998917,731.4142047245388,772.5909404133812,41.17673568884243
4600,4,gau,1/sqrt(T),1e-06,1e-06,280.4799999998899,700.4219623191894,739.0472956033688,38.625333284179305
4600,5,gau,1/sqrt(T),1e-06,1e-06,277.9899999998922,700.7452959152149,754.839839325267,54.0945434100521
4600,6,gau,1/sqrt(T),1e-06,1e-06,278.45999999989175,728.1886377305877,781.6169183613401,53.4282806307524
4600,7,gau,1/sqrt(T),1e-06,1e-06,291.1899999998802,695.8046523084771,757.6602696127426,61.85561730426548
4600,8,gau,1/sqrt(T),1e-06,1e-06,287.0799999998839,696.85430604995,735.3377409212135,38.48343487126351
4600,9,gau,1/sqrt(T),1e-06,1e-06,279.8299999998905,718.9224463889856,769.734791397079,50.812345008093416
4700,0,gau,1/sqrt(T),1e-06,1e-06,287.3099999998837,719.087235305306,774.4494202895147,55.36218498420874
4700,1,gau,1/sqrt(T),1e-06,1e-06,281.1599999998893,699.6289578460869,756.1874824158496,56.55852456976265
4700,2,gau,1/sqrt(T),1e-06,1e-06,282.84999999988776,767.8981807070312,821.6378590235299,53.739678316498726
4700,3,gau,1/sqrt(T),1e-06,1e-06,285.17999999988564,740.5323632106721,798.8292758609824,58.29691265031033
4700,4,gau,1/sqrt(T),1e-06,1e-06,284.94999999988585,747.2243682222486,790.4765182013834,43.252149979134856
4700,5,gau,1/sqrt(T),1e-06,1e-06,288.6399999998825,732.7341517844796,782.1314282103954,49.39727642591572
4700,6,gau,1/sqrt(T),1e-06,1e-06,292.19999999987925,739.6588707908703,790.5510132954377,50.892142504567346
4700,7,gau,1/sqrt(T),1e-06,1e-06,283.4699999998872,752.6353289555531,795.0526190131908,42.41729005763773
4700,8,gau,1/sqrt(T),1e-06,1e-06,288.02999999988305,737.4148496566983,786.4382833257466,49.02343366904836
4700,9,gau,1/sqrt(T),1e-06,1e-06,282.97999999988764,746.4998549081139,804.6488715165203,58.14901660840644
4800,0,gau,1/sqrt(T),1e-06,1e-06,293.4499999998781,773.1129841353534,812.8379851746469,39.72500103929349
4800,1,gau,1/sqrt(T),1e-06,1e-06,296.06999999987573,763.7803779463044,809.8958756159392,46.115497669634806
4800,2,gau,1/sqrt(T),1e-06,1e-06,297.8599999998741,772.5718960975993,825.8291077424288,53.25721164482957
4800,3,gau,1/sqrt(T),1e-06,1e-06,287.3399999998837,759.3894141645808,815.9871451760877,56.59773101150688
4800,4,gau,1/sqrt(T),1e-06,1e-06,286.24999999988466,751.0341284009456,799.7336939393266,48.699565538380966
4800,5,gau,1/sqrt(T),1e-06,1e-06,286.0999999998848,724.8791179826832,784.1857761833243,59.306658200641095
4800,6,gau,1/sqrt(T),1e-06,1e-06,286.0999999998848,782.477876691475,839.5901277383925,57.11225104691755
4800,7,gau,1/sqrt(T),1e-06,1e-06,289.11999999988205,795.4208519762344,847.0046475184195,51.583795542185044
4800,8,gau,1/sqrt(T),1e-06,1e-06,285.59999999988526,735.5788775876127,796.6445008424267,61.065623254814
4800,9,gau,1/sqrt(T),1e-06,1e-06,313.38999999986,775.9352646600167,816.9289574180398,40.99369275802303
4900,0,gau,1/sqrt(T),1e-06,1e-06,291.44999999987994,774.6931073040263,833.9899446575841,59.29683735355786
4900,1,gau,1/sqrt(T),1e-06,1e-06,298.34999999987366,746.8990307645353,805.6317327614557,58.73270199692047
4900,2,gau,1/sqrt(T),1e-06,1e-06,289.00999999988215,778.2574673293244,817.0805338809514,38.823066551626994
4900,3,gau,1/sqrt(T),1e-06,1e-06,314.7899999998587,744.8765317082073,802.239450294248,57.36291858604068
4900,4,gau,1/sqrt(T),1e-06,1e-06,295.3499999998764,785.5083722026534,836.9370752150396,51.42870301238622
4900,5,gau,1/sqrt(T),1e-06,1e-06,296.93999999987494,795.154625353983,831.0538332851953,35.899207931212345
4900,6,gau,1/sqrt(T),1e-06,1e-06,290.5899999998807,733.5539423373269,783.1318948653893,49.57795252806238
4900,7,gau,1/sqrt(T),1e-06,1e-06,290.269999999881,795.137177831571,835.8465302402436,40.70935240867266
4900,8,gau,1/sqrt(T),1e-06,1e-06,293.20999999987833,758.5287341225367,802.2852593655313,43.7565252429946
4900,9,gau,1/sqrt(T),1e-06,1e-06,295.9999999998758,760.5124328146431,807.2241509714353,46.71171815679213
5000,0,gau,1/sqrt(T),1e-06,1e-06,292.8999999998786,798.3457296363265,842.6338547837641,44.288125147437654
5000,1,gau,1/sqrt(T),1e-06,1e-06,296.50999999987533,815.7400969660708,867.6437808281581,51.90368386208729
5000,2,gau,1/sqrt(T),1e-06,1e-06,293.53999999987803,789.6524998574416,834.4092995397795,44.75679968233783
5000,3,gau,1/sqrt(T),1e-06,1e-06,306.28999999986644,788.5740489129555,852.2159563511728,63.641907438217345
5000,4,gau,1/sqrt(T),1e-06,1e-06,292.54999999987893,834.0656180015236,881.6742973236022,47.608679322078615
5000,5,gau,1/sqrt(T),1e-06,1e-06,292.28999999987917,767.9547813070457,819.3198341927106,51.36505288566491
5000,6,gau,1/sqrt(T),1e-06,1e-06,294.0299999998776,787.8751125468003,832.8220435298629,44.94693098306254
5000,7,gau,1/sqrt(T),1e-06,1e-06,301.86999999987046,824.0401999813487,889.317271949541,65.27707196819233
5000,8,gau,1/sqrt(T),1e-06,1e-06,292.6799999998788,821.9292652215132,865.4585728413288,43.52930761981554
5000,9,gau,1/sqrt(T),1e-06,1e-06,294.7799999998769,804.7562130370477,840.2024506189355,35.44623758188777
