T,s,SquareDiff
100,0,3.4560520176281926e-05
100,1,8.48637919311154e-05
100,2,2.4782936897628196e-06
100,3,8.398092464668732e-05
100,4,2.205008111780391e-05
100,5,6.207079837083952e-07
100,6,4.498716828551679e-06
100,7,6.207079837083952e-07
100,8,6.479492219781171e-06
100,9,4.442367787105323e-06
100,10,6.479492219781171e-06
100,11,7.453822833278104e-05
100,12,8.48637919311154e-05
100,13,6.479492219781171e-06
100,14,8.48637919311154e-05
100,15,5.206157970604749e-06
100,16,2.8489730156447224e-05
100,17,3.924569417244153e-05
100,18,6.479492219781171e-06
100,19,3.374749213301109e-05
100,20,8.48637919311154e-05
100,21,2.288610100076425e-06
100,22,7.841666230829544e-05
100,23,3.3601619012872094e-05
100,24,8.48637919311154e-05
100,25,0.00011157009150660419
100,26,3.4560520176281926e-05
100,27,6.479492219781171e-06
100,28,5.961255506814605e-05
100,29,1.7932834309855909e-06
100,30,6.479492219781171e-06
100,31,3.286829018859387e-05
100,32,3.4560520176281926e-05
100,33,1.9190375466555312e-05
100,34,6.8428951432688745e-06
100,35,6.267963253475706e-05
100,36,2.5958718191460335e-06
100,37,6.479492219781171e-06
100,38,6.207079837083952e-07
100,39,4.261639008221514e-05
100,40,6.5416183361223876e-06
100,41,8.123156555425306e-06
100,42,8.48637919311154e-05
100,43,3.4560520176281926e-05
100,44,4.4102902549671656e-05
100,45,9.620483306684454e-06
100,46,6.479492219781171e-06
100,47,2.8117151307998752e-05
100,48,8.520844985820375e-06
100,49,2.785042279489112e-05
200,0,8.48637919311154e-05
200,1,8.401299769244947e-05
200,2,6.479492219781171e-06
200,3,6.479492219781171e-06
200,4,9.831226725952518e-07
200,5,6.919802591054122e-06
200,6,8.48637919311154e-05
200,7,6.479492219781171e-06
200,8,3.876642935715767e-06
200,9,8.037377252990366e-07
200,10,6.479492219781171e-06
200,11,3.4560520176281926e-05
200,12,6.479492219781171e-06
200,13,6.479492219781171e-06
200,14,1.390366857268679e-06
200,15,4.578016027973363e-05
200,16,6.479492219781171e-06
200,17,4.830163921360846e-05
200,18,2.370515964203264e-05
200,19,6.479492219781171e-06
200,20,2.8882307017720978e-05
200,21,5.312450093825267e-06
200,22,3.469705084606205e-06
200,23,6.479492219781171e-06
200,24,2.123583354505317e-05
200,25,2.598170271726203e-05
200,26,8.690510633344395e-06
200,27,3.4560520176281926e-05
200,28,3.635911585600745e-05
200,29,0.00012086394262886023
200,30,3.4560520176281926e-05
200,31,5.5370806334022345e-05
200,32,3.4560520176281926e-05
200,33,3.845513434561179e-05
200,34,3.579249090620481e-06
200,35,7.2285239808342644e-06
200,36,1.4068659625174855e-06
200,37,3.199482105341077e-05
200,38,6.479492219781171e-06
200,39,9.31031977488234e-06
200,40,1.1179715687564766e-06
200,41,6.479492219781171e-06
200,42,8.218345568009112e-06
200,43,1.0862059453213774e-06
200,44,2.5384030101647892e-05
200,45,3.4560520176281926e-05
200,46,8.638625433420998e-06
200,47,6.479492219781171e-06
200,48,6.479492219781171e-06
200,49,3.3664654849362073e-06
300,0,5.351998052485469e-06
300,1,6.479492219781171e-06
300,2,1.8717016346318478e-05
300,3,9.255234504534222e-06
300,4,9.29719894540991e-06
300,5,6.397178849751665e-07
300,6,1.0643251560109982e-05
300,7,6.479492219781171e-06
300,8,2.1855888724815487e-05
300,9,6.479492219781171e-06
300,10,3.065581314855715e-05
300,11,3.4560520176281926e-05
300,12,3.065755850367109e-05
300,13,5.1016999195662144e-06
300,14,6.207079837083952e-07
300,15,5.216944695269994e-06
300,16,6.5855157721214e-06
300,17,1.1544227902372997e-05
300,18,3.558623097578603e-06
300,19,6.479492219781171e-06
300,20,3.4560520176281926e-05
300,21,6.821872970923146e-07
300,22,2.9663461319150404e-06
300,23,3.822929432724058e-06
300,24,7.767529778178062e-06
300,25,2.9697620594977406e-05
300,26,7.32417796732929e-06
300,27,2.5221283066353466e-05
300,28,8.530031417864593e-06
300,29,6.479492219781171e-06
300,30,6.479492219781171e-06
300,31,6.479492219781171e-06
300,32,5.8677025299201286e-05
300,33,3.018076002591643e-05
300,34,9.133288759791809e-07
300,35,2.806045689293105e-05
300,36,3.4560520176281926e-05
300,37,6.638540221504175e-06
300,38,1.9089454854372488e-06
300,39,2.8938209548076884e-06
300,40,1.764209106019379e-05
300,41,6.479492219781171e-06
300,42,2.237100850194248e-05
300,43,2.5094079418737547e-06
300,44,5.594943787557395e-06
300,45,5.230218609220065e-06
300,46,2.6917926626954814e-05
300,47,6.479492219781171e-06
300,48,3.209863084189201e-05
300,49,8.907031526971519e-06
400,0,6.479492219781171e-06
400,1,6.479492219781171e-06
400,2,2.6832027524106282e-05
400,3,6.479492219781171e-06
400,4,5.3847593286033956e-05
400,5,2.8509322420950155e-06
400,6,6.479492219781171e-06
400,7,6.479492219781171e-06
400,8,1.745354221439818e-06
400,9,6.479492219781171e-06
400,10,6.479492219781171e-06
400,11,3.7158015652394233e-06
400,12,1.9773822317723983e-05
400,13,2.866301192528244e-05
400,14,3.1328810794834917e-06
400,15,6.479492219781171e-06
400,16,1.942435085159212e-06
400,17,1.156458481677095e-06
400,18,4.3581924672564885e-05
400,19,8.673091554980416e-06
400,20,6.479492219781171e-06
400,21,6.479492219781171e-06
400,22,8.48637919311154e-05
400,23,7.420288395480889e-05
400,24,3.4560520176281926e-05
400,25,6.479492219781171e-06
400,26,4.005709294852038e-05
400,27,6.479492219781171e-06
400,28,2.3895562717951074e-05
400,29,3.254968133470822e-05
400,30,6.479492219781171e-06
400,31,2.3035468979496194e-05
400,32,6.479492219781171e-06
400,33,3.4560520176281926e-05
400,34,6.479492219781171e-06
400,35,6.479492219781171e-06
400,36,3.2834634894786105e-06
400,37,1.3230469220536481e-06
400,38,6.479492219781171e-06
400,39,5.686049873685027e-06
400,40,1.4884728959886529e-06
400,41,6.479492219781171e-06
400,42,7.964703573662863e-07
400,43,2.0283533534984058e-05
400,44,6.479492219781171e-06
400,45,3.30073806063908e-05
400,46,3.4560520176281926e-05
400,47,1.881481400133305e-06
400,48,6.28343235343147e-05
400,49,1.117070003879928e-06
500,0,3.189313907532601e-06
500,1,2.613015358045483e-06
500,2,4.544865199262349e-06
500,3,3.0089409366098016e-05
500,4,9.051793789228007e-06
500,5,6.479492219781171e-06
500,6,9.526568061414195e-05
500,7,5.98720582832443e-06
500,8,6.479492219781171e-06
500,9,6.207079837083952e-07
500,10,3.601391730846007e-05
500,11,6.479492219781171e-06
500,12,6.479492219781171e-06
500,13,3.4560520176281926e-05
500,14,6.479492219781171e-06
500,15,2.50335134590407e-06
500,16,1.938260422858235e-05
500,17,2.470221527837352e-06
500,18,6.479492219781171e-06
500,19,6.479492219781171e-06
500,20,1.398659613763209e-06
500,21,6.479492219781171e-06
500,22,3.426228910755047e-05
500,23,6.479492219781171e-06
500,24,6.479492219781171e-06
500,25,4.474427836258803e-06
500,26,3.994101704984511e-06
500,27,1.8709852357571237e-06
500,28,6.207079837083952e-07
500,29,4.761208310844501e-05
500,30,6.465320991899503e-06
500,31,1.8355110228693618e-06
500,32,6.479492219781171e-06
500,33,8.348303110153403e-07
500,34,6.207079837083952e-07
500,35,1.089346195150576e-06
500,36,6.479492219781171e-06
500,37,3.9741860751664085e-06
500,38,6.168332398941408e-06
500,39,1.7116172793748025e-06
500,40,3.4560520176281926e-05
500,41,6.479492219781171e-06
500,42,7.422137150051212e-07
500,43,3.4560520176281926e-05
500,44,6.479492219781171e-06
500,45,2.918944996510258e-05
500,46,4.954152374420309e-05
500,47,8.244465482119364e-06
500,48,6.207079837083952e-07
500,49,2.706346327886127e-05
600,0,6.479492219781171e-06
600,1,2.078385079198638e-05
600,2,6.479492219781171e-06
600,3,2.8081583754424595e-06
600,4,2.2680370292306352e-05
600,5,6.479492219781171e-06
600,6,6.479492219781171e-06
600,7,6.479492219781171e-06
600,8,6.479492219781171e-06
600,9,3.4560520176281926e-05
600,10,3.4560520176281926e-05
600,11,3.905084414876693e-06
600,12,3.4560520176281926e-05
600,13,6.479492219781171e-06
600,14,6.207079837083952e-07
600,15,5.583608411182961e-05
600,16,8.624204982717519e-06
600,17,2.9693347439854436e-05
600,18,3.4560520176281926e-05
600,19,4.156293252020203e-06
600,20,6.479492219781171e-06
600,21,9.344489638127557e-05
600,22,1.767294638875665e-05
600,23,5.745311756239685e-06
600,24,7.12100496027057e-06
600,25,2.5836358794692373e-05
600,26,3.1263376775342e-05
600,27,2.1984342118985293e-06
600,28,6.479492219781171e-06
600,29,2.75679533341848e-05
600,30,3.4560520176281926e-05
600,31,1.0348521528824388e-06
600,32,6.479492219781171e-06
600,33,6.479492219781171e-06
600,34,1.1066469481347645e-05
600,35,6.479492219781171e-06
600,36,2.4814549871955267e-06
600,37,6.479492219781171e-06
600,38,2.0045035575306185e-05
600,39,5.54576702282874e-06
600,40,2.6265648612221758e-06
600,41,1.207313913845388e-05
600,42,1.0910079824156162e-06
600,43,6.479492219781171e-06
600,44,3.4560520176281926e-05
600,45,6.479492219781171e-06
600,46,2.014615487366417e-05
600,47,3.4560520176281926e-05
600,48,4.178559718427404e-06
600,49,3.1338095424599305e-06
700,0,1.0673395657597808e-05
700,1,1.3779388488707947e-05
700,2,6.207079837083952e-07
700,3,1.1141177749024466e-05
700,4,6.479492219781171e-06
700,5,3.0041856201787997e-06
700,6,8.48637919311154e-05
700,7,2.327265496866231e-05
700,8,3.4560520176281926e-05
700,9,3.4443643759937666e-06
700,10,2.2212929458380775e-05
700,11,1.2468105783707169e-05
700,12,6.479492219781171e-06
700,13,2.305307926432765e-05
700,14,2.8058543899362714e-06
700,15,3.4560520176281926e-05
700,16,7.102284334067689e-06
700,17,3.4560520176281926e-05
700,18,7.311383143831249e-06
700,19,6.479492219781171e-06
700,20,3.4560520176281926e-05
700,21,3.4560520176281926e-05
700,22,2.7041000677314166e-05
700,23,1.0119113183527174e-05
700,24,1.9948842807881505e-06
700,25,6.479492219781171e-06
700,26,6.479492219781171e-06
700,27,3.4560520176281926e-05
700,28,6.479492219781171e-06
700,29,3.4560520176281926e-05
700,30,5.625611049111883e-05
700,31,6.4570015493838e-06
700,32,1.0129388484542255e-05
700,33,7.88625809976964e-06
700,34,2.63075794337927e-06
700,35,5.0472352430526285e-06
700,36,2.5424456264512235e-05
700,37,3.4560520176281926e-05
700,38,6.446567904677378e-06
700,39,6.479492219781171e-06
700,40,6.479492219781171e-06
700,41,8.666159495481319e-06
700,42,6.479492219781171e-06
700,43,8.872036279118765e-07
700,44,2.206320094478076e-05
700,45,7.147817630317169e-07
700,46,3.4560520176281926e-05
700,47,6.479492219781171e-06
700,48,6.479492219781171e-06
700,49,6.479492219781171e-06
800,0,6.479492219781171e-06
800,1,4.855663587612445e-06
800,2,6.479492219781171e-06
800,3,7.94404174577298e-07
800,4,6.479492219781171e-06
800,5,6.207079837083952e-07
800,6,2.2702410186924012e-05
800,7,4.394045855773603e-06
800,8,3.4560520176281926e-05
800,9,1.0588751939093947e-05
800,10,6.479492219781171e-06
800,11,3.4560520176281926e-05
800,12,1.8160991592624126e-06
800,13,3.0752780231060418e-06
800,14,6.479492219781171e-06
800,15,4.319137829667111e-06
800,16,6.479492219781171e-06
800,17,6.479492219781171e-06
800,18,2.3220932939361477e-05
800,19,2.416016241809646e-06
800,20,6.207079837083952e-07
800,21,3.4560520176281926e-05
800,22,6.479492219781171e-06
800,23,3.7571035425630165e-05
800,24,6.479492219781171e-06
800,25,1.6386590377653955e-06
800,26,3.4560520176281926e-05
800,27,7.601089666817367e-06
800,28,6.961416662761281e-07
800,29,5.260630177261175e-06
800,30,6.479492219781171e-06
800,31,3.579064507631023e-05
800,32,6.479492219781171e-06
800,33,6.479492219781171e-06
800,34,7.500634498210991e-06
800,35,6.479492219781171e-06
800,36,4.556320674239722e-06
800,37,1.0933469585500067e-06
800,38,6.207079837083952e-07
800,39,6.479492219781171e-06
800,40,7.810788485152822e-06
800,41,6.479492219781171e-06
800,42,4.079881108760967e-06
800,43,3.4560520176281926e-05
800,44,3.4560520176281926e-05
800,45,2.7212401801564856e-05
800,46,3.155206868312103e-05
800,47,8.406867356550935e-06
800,48,3.4560520176281926e-05
800,49,4.483330533336704e-05
900,0,6.479492219781171e-06
900,1,6.479492219781171e-06
900,2,6.207079837083952e-07
900,3,6.479492219781171e-06
900,4,4.530189289129496e-05
900,5,2.0375476599761836e-06
900,6,6.479492219781171e-06
900,7,6.479492219781171e-06
900,8,6.479492219781171e-06
900,9,2.6941287702333793e-06
900,10,6.479492219781171e-06
900,11,6.479492219781171e-06
900,12,4.008247379296451e-06
900,13,3.4560520176281926e-05
900,14,1.2069296215042142e-05
900,15,1.4332314731187765e-06
900,16,6.251579603026714e-06
900,17,3.4560520176281926e-05
900,18,2.201411681339545e-06
900,19,3.4560520176281926e-05
900,20,6.234841415901797e-05
900,21,8.431276276072236e-05
900,22,6.479492219781171e-06
900,23,2.5006447271228117e-06
900,24,6.479492219781171e-06
900,25,3.4560520176281926e-05
900,26,4.6780365264403196e-06
900,27,6.479492219781171e-06
900,28,3.4560520176281926e-05
900,29,2.4517455374339905e-06
900,30,2.3863846889142942e-05
900,31,6.479492219781171e-06
900,32,3.859117537113871e-06
900,33,6.207079837083952e-07
900,34,6.52970489941486e-07
900,35,1.1315892073625746e-06
900,36,3.207799469009892e-05
900,37,6.479492219781171e-06
900,38,3.635077535210722e-06
900,39,1.6944120769520098e-06
900,40,5.810475761526042e-06
900,41,6.345476198027219e-06
900,42,2.365624525654784e-06
900,43,6.479492219781171e-06
900,44,2.6678194432775948e-05
900,45,3.4560520176281926e-05
900,46,6.479492219781171e-06
900,47,0.00010057410663746247
900,48,2.921260727635461e-05
900,49,3.3969035866454464e-06
1000,0,2.117680730777683e-05
1000,1,1.7303734681006037e-06
1000,2,2.6979053066832924e-05
1000,3,2.5521360020736197e-05
1000,4,2.6279043426065257e-06
1000,5,2.0624148750945897e-06
1000,6,5.390467617813439e-06
1000,7,7.432492418098523e-07
1000,8,4.719293973637901e-06
1000,9,5.93652570747287e-06
1000,10,5.299642572829142e-06
1000,11,1.0736900211023944e-05
1000,12,6.207079837083952e-07
1000,13,3.7424977542197448e-06
1000,14,4.469261308297917e-05
1000,15,3.4560520176281926e-05
1000,16,4.413771320981719e-06
1000,17,6.479492219781171e-06
1000,18,7.251918546704634e-06
1000,19,2.1529115075540075e-06
1000,20,4.585882632204363e-06
1000,21,6.479492219781171e-06
1000,22,4.0375729242756615e-06
1000,23,6.563486003118334e-05
1000,24,6.259212365215324e-07
1000,25,6.479492219781171e-06
1000,26,6.479492219781171e-06
1000,27,6.479492219781171e-06
1000,28,7.045116706042987e-06
1000,29,6.479492219781171e-06
1000,30,3.80411912112294e-05
1000,31,3.908998552948686e-06
1000,32,2.2508787456201166e-05
1000,33,4.37427964019716e-05
1000,34,2.4193086988236843e-06
1000,35,6.479492219781171e-06
1000,36,2.107316966798626e-05
1000,37,6.479492219781171e-06
1000,38,6.207079837083952e-07
1000,39,3.4560520176281926e-05
1000,40,4.13230430909966e-06
1000,41,6.479492219781171e-06
1000,42,6.479492219781171e-06
1000,43,2.548538202153144e-05
1000,44,2.3548990791615222e-06
1000,45,4.398846418758888e-06
1000,46,2.3489452212436762e-05
1000,47,4.008645052021094e-05
1000,48,6.479492219781171e-06
1000,49,6.479492219781171e-06
1100,0,3.4560520176281926e-05
1100,1,2.5814588607673623e-06
1100,2,3.078527104852662e-05
1100,3,5.159501797218109e-05
1100,4,2.672596898460571e-05
1100,5,6.479492219781171e-06
1100,6,5.593971444059216e-06
1100,7,2.6762723087304672e-05
1100,8,8.491564858252861e-06
1100,9,3.4560520176281926e-05
1100,10,6.479492219781171e-06
1100,11,3.4560520176281926e-05
1100,12,8.122091534549105e-06
1100,13,1.164351450180406e-06
1100,14,1.911359497610246e-06
1100,15,3.4560520176281926e-05
1100,16,3.3668413885750866e-06
1100,17,9.488334089013062e-07
1100,18,5.741522309906223e-06
1100,19,7.892140902947728e-07
1100,20,2.3025129709709374e-05
1100,21,6.207079837083952e-07
1100,22,3.4560520176281926e-05
1100,23,7.0618687050535845e-06
1100,24,6.479492219781171e-06
1100,25,9.429022118220164e-07
1100,26,3.717455683356835e-05
1100,27,3.549147241495483e-05
1100,28,6.207079837083952e-07
1100,29,6.479492219781171e-06
1100,30,6.479492219781171e-06
1100,31,3.643588583722016e-06
1100,32,7.697141609563567e-06
1100,33,1.8684129453508452e-05
1100,34,6.780048162192954e-06
1100,35,5.802434126139853e-06
1100,36,6.479492219781171e-06
1100,37,6.479492219781171e-06
1100,38,3.393439222016045e-06
1100,39,6.479492219781171e-06
1100,40,9.492590520633977e-06
1100,41,9.975251487868042e-07
1100,42,6.479492219781171e-06
1100,43,7.485088620304703e-06
1100,44,2.777754886726605e-06
1100,45,1.793784426750824e-05
1100,46,3.4560520176281926e-05
1100,47,2.7021002593780426e-05
1100,48,6.479492219781171e-06
1100,49,6.479492219781171e-06
1200,0,4.3703596029289185e-06
1200,1,6.479492219781171e-06
1200,2,3.018829212289607e-06
1200,3,6.334783173737487e-06
1200,4,8.839149132229631e-06
1200,5,2.2817037941482105e-05
1200,6,7.702807909978113e-06
1200,7,6.479492219781171e-06
1200,8,1.2369703695954273e-05
1200,9,6.479492219781171e-06
1200,10,1.911940446308348e-06
1200,11,4.273662871720604e-05
1200,12,4.671188727180585e-06
1200,13,6.479492219781171e-06
1200,14,6.334411083411981e-06
1200,15,6.479492219781171e-06
1200,16,1.670792996136188e-06
1200,17,3.213917927162598e-06
1200,18,2.710064149251329e-06
1200,19,6.702869620193545e-07
1200,20,5.409870899728456e-05
1200,21,6.479492219781171e-06
1200,22,6.479492219781171e-06
1200,23,2.428832944538125e-05
1200,24,6.479492219781171e-06
1200,25,2.3214037971666288e-06
1200,26,3.4560520176281926e-05
1200,27,7.969147039693177e-06
1200,28,6.479492219781171e-06
1200,29,6.207079837083952e-07
1200,30,3.4560520176281926e-05
1200,31,9.125075248693428e-07
1200,32,2.419254485459756e-06
1200,33,3.4560520176281926e-05
1200,34,8.504922448867852e-06
1200,35,3.4560520176281926e-05
1200,36,6.479492219781171e-06
1200,37,6.479492219781171e-06
1200,38,3.2929226449912955e-05
1200,39,3.4560520176281926e-05
1200,40,6.479492219781171e-06
1200,41,2.9308511706544316e-05
1200,42,6.479492219781171e-06
1200,43,1.4944594681228998e-06
1200,44,6.479492219781171e-06
1200,45,6.479492219781171e-06
1200,46,6.479492219781171e-06
1200,47,6.479492219781171e-06
1200,48,1.1694191119295386e-05
1200,49,6.479492219781171e-06
1300,0,7.493376317640623e-06
1300,1,4.2522788502863335e-05
1300,2,6.207079837083952e-07
1300,3,1.249003692980825e-05
1300,4,6.082414019141998e-06
1300,5,4.124157089070311e-05
1300,6,6.479492219781171e-06
1300,7,2.5174817429405057e-06
1300,8,6.207079837083952e-07
1300,9,3.3825677428731074e-05
1300,10,2.4200848163196278e-05
1300,11,6.479492219781171e-06
1300,12,6.67502506616761e-06
1300,13,8.63352164127648e-07
1300,14,6.479492219781171e-06
1300,15,6.479492219781171e-06
1300,16,3.7883925280107497e-06
1300,17,2.5724815970703473e-05
1300,18,1.820269505365874e-05
1300,19,2.6499862715142785e-06
1300,20,5.374429697938197e-06
1300,21,1.2257604226619249e-06
1300,22,7.914940750806588e-06
1300,23,4.142801972628593e-06
1300,24,2.5435421378030948e-05
1300,25,2.138313283631921e-05
1300,26,5.1279816033255225e-06
1300,27,7.128168900399014e-07
1300,28,8.260172185506722e-06
1300,29,8.734883384241943e-06
1300,30,4.709967194754953e-06
1300,31,3.4560520176281926e-05
1300,32,1.7038703322000188e-06
1300,33,6.479492219781171e-06
1300,34,4.8359797405422135e-06
1300,35,6.207079837083952e-07
1300,36,4.9263617811773654e-06
1300,37,6.479492219781171e-06
1300,38,9.77116527055851e-07
1300,39,4.4627885260962593e-07
1300,40,6.479492219781171e-06
1300,41,6.479492219781171e-06
1300,42,1.487490065161219e-06
1300,43,2.0247984377349216e-06
1300,44,1.0868927951409276e-06
1300,45,5.849365786848829e-06
1300,46,6.479492219781171e-06
1300,47,2.134612880871017e-06
1300,48,1.1753674052246997e-05
1300,49,6.479492219781171e-06
1400,0,3.4560520176281926e-05
1400,1,6.207079837083952e-07
1400,2,1.0241244876312672e-05
1400,3,6.207079837083952e-07
1400,4,1.7811049447187948e-06
1400,5,1.0420717271214393e-05
1400,6,7.367318148028621e-07
1400,7,6.479492219781171e-06
1400,8,5.07396507440888e-06
1400,9,1.1901189967977076e-05
1400,10,1.4505891125396142e-06
1400,11,3.3453333361253125e-05
1400,12,1.0010479446204393e-05
1400,13,6.479492219781171e-06
1400,14,2.984087873272223e-05
1400,15,4.204511628817701e-06
1400,16,1.41541042002903e-06
1400,17,6.479492219781171e-06
1400,18,3.2097295838493744e-06
1400,19,8.937541411037341e-06
1400,20,6.207079837083952e-07
1400,21,2.5946463638921562e-05
1400,22,1.1228366324131876e-05
1400,23,6.749233109585111e-06
1400,24,2.2663718605040754e-05
1400,25,3.4560520176281926e-05
1400,26,6.207079837083952e-07
1400,27,6.605521411882856e-06
1400,28,3.2306602548504044e-06
1400,29,3.4560520176281926e-05
1400,30,5.379349302677936e-06
1400,31,4.354782604967599e-06
1400,32,6.479492219781171e-06
1400,33,6.479492219781171e-06
1400,34,6.479492219781171e-06
1400,35,9.913278576203192e-07
1400,36,2.1814169689906026e-06
1400,37,2.8384319567659534e-06
1400,38,7.483398000122623e-06
1400,39,2.403347467528105e-06
1400,40,3.4560520176281926e-05
1400,41,6.479492219781171e-06
1400,42,6.931153778951732e-06
1400,43,2.282190224187771e-06
1400,44,8.48637919311154e-05
1400,45,6.479492219781171e-06
1400,46,6.207079837083952e-07
1400,47,7.314143585736108e-06
1400,48,1.2807238342391551e-05
1400,49,3.4560520176281926e-05
1500,0,3.542785525174681e-05
1500,1,1.9120343963473004e-06
1500,2,3.3506229706813176e-05
1500,3,1.4316185798357817e-06
1500,4,1.1263221208771542e-06
1500,5,6.479492219781171e-06
1500,6,6.479492219781171e-06
1500,7,5.694470172319544e-06
1500,8,1.223435176962048e-05
1500,9,6.479492219781171e-06
1500,10,1.0117308864349202e-05
1500,11,4.3084307961406094e-05
1500,12,6.207079837083952e-07
1500,13,9.367436008930717e-06
1500,14,6.479492219781171e-06
1500,15,6.479492219781171e-06
1500,16,3.4560520176281926e-05
1500,17,6.479492219781171e-06
1500,18,6.479492219781171e-06
1500,19,3.292361295805641e-06
1500,20,2.3975604784645002e-05
1500,21,6.479492219781171e-06
1500,22,6.479492219781171e-06
1500,23,6.479492219781171e-06
1500,24,2.691298750051955e-05
1500,25,3.4560520176281926e-05
1500,26,1.915320767962827e-06
1500,27,1.8610700009815535e-06
1500,28,1.2110334936723154e-06
1500,29,6.727226019540135e-06
1500,30,6.479492219781171e-06
1500,31,9.705623422824668e-06
1500,32,6.479492219781171e-06
1500,33,1.0709002339405064e-05
1500,34,2.1453489235038413e-05
1500,35,6.479492219781171e-06
1500,36,6.479492219781171e-06
1500,37,1.871587002483028e-05
1500,38,6.207079837083952e-07
1500,39,2.2904365635171696e-05
1500,40,5.43154209841709e-06
1500,41,3.4560520176281926e-05
1500,42,5.98343236290575e-06
1500,43,4.865438334758161e-06
1500,44,6.372196689569193e-06
1500,45,5.902104362354851e-06
1500,46,7.112159806010676e-06
1500,47,3.604353157904152e-05
1500,48,2.136511355456267e-06
1500,49,3.4560520176281926e-05
1600,0,3.4560520176281926e-05
1600,1,6.479492219781171e-06
1600,2,3.4560520176281926e-05
1600,3,3.4560520176281926e-05
1600,4,2.082821839011749e-06
1600,5,5.063394999924579e-05
1600,6,6.207079837083952e-07
1600,7,7.304310725314114e-06
1600,8,2.807311268800032e-06
1600,9,3.234791525946376e-06
1600,10,6.207079837083952e-07
1600,11,4.5981881170308695e-06
1600,12,6.479492219781171e-06
1600,13,9.093279621097553e-06
1600,14,2.394127512072623e-06
1600,15,3.4560520176281926e-05
1600,16,2.017858126680897e-05
1600,17,1.0457328574841626e-05
1600,18,2.8277470568040325e-05
1600,19,6.479492219781171e-06
1600,20,4.703515870479229e-06
1600,21,4.566693044088596e-06
1600,22,7.078407185771131e-07
1600,23,3.0017811451297812e-05
1600,24,1.891935194270842e-06
1600,25,7.6103227780388145e-06
1600,26,3.6383888674775044e-06
1600,27,8.426230286563983e-06
1600,28,6.479492219781171e-06
1600,29,1.4370825421401613e-06
1600,30,6.479492219781171e-06
1600,31,6.479492219781171e-06
1600,32,9.47242741571003e-06
1600,33,4.8062592791373695e-06
1600,34,1.5411452764708117e-06
1600,35,1.1928854497748624e-05
1600,36,6.479492219781171e-06
1600,37,6.479492219781171e-06
1600,38,1.1352790098180563e-05
1600,39,1.1189974916046599e-06
1600,40,1.2216261119063424e-06
1600,41,2.6057687929821813e-06
1600,42,6.207079837083952e-07
1600,43,6.479492219781171e-06
1600,44,4.2711135919535485e-06
1600,45,9.156457924798543e-06
1600,46,8.502429463055226e-06
1600,47,2.653465692647656e-05
1600,48,6.479492219781171e-06
1600,49,4.8570846800913304e-06
1700,0,5.2763963879762535e-06
1700,1,6.479492219781171e-06
1700,2,3.7020108429446434e-06
1700,3,2.2396815692143682e-06
1700,4,1.735933380534641e-06
1700,5,7.529282401744216e-07
1700,6,6.479492219781171e-06
1700,7,6.27418201353104e-06
1700,8,3.6230300995436095e-06
1700,9,9.583665572049436e-06
1700,10,6.479492219781171e-06
1700,11,6.207079837083952e-07
1700,12,6.479492219781171e-06
1700,13,6.479492219781171e-06
1700,14,1.076921145579338e-05
1700,15,6.284242100506402e-06
1700,16,2.8674942178062913e-06
1700,17,6.479492219781171e-06
1700,18,4.998679683430519e-06
1700,19,7.719721542601087e-07
1700,20,6.479492219781171e-06
1700,21,3.4560520176281926e-05
1700,22,6.479492219781171e-06
1700,23,3.570409587670805e-06
1700,24,3.418769652820263e-06
1700,25,5.839093796669962e-06
1700,26,4.854931254091999e-06
1700,27,8.48637919311154e-05
1700,28,6.978363108509346e-07
1700,29,1.7975148329515047e-06
1700,30,1.0406435083482312e-05
1700,31,6.479492219781171e-06
1700,32,8.811231260833162e-06
1700,33,3.3605370691075113e-06
1700,34,9.80595864851548e-07
1700,35,5.655800052925202e-06
1700,36,6.936866466789541e-06
1700,37,4.0974588606892015e-06
1700,38,2.134238743859086e-05
1700,39,6.479492219781171e-06
1700,40,6.479492219781171e-06
1700,41,8.429664056850582e-07
1700,42,2.375181959955447e-06
1700,43,4.33230536160854e-06
1700,44,1.0590406593981913e-05
1700,45,9.126693416223862e-07
1700,46,4.173917619672987e-06
1700,47,3.4560520176281926e-05
1700,48,1.8608629717062634e-06
1700,49,6.479492219781171e-06
1800,0,6.479492219781171e-06
1800,1,2.181316010700362e-06
1800,2,3.466669972208089e-06
1800,3,4.4091817543777375e-06
1800,4,2.3553454022660725e-05
1800,5,2.082562781018051e-06
1800,6,6.207079837083952e-07
1800,7,2.84825876689191e-06
1800,8,3.932190412517162e-05
1800,9,2.1044210540875676e-06
1800,10,2.508509153357494e-05
1800,11,1.6655094940329603e-06
1800,12,2.138943967082676e-05
1800,13,6.479492219781171e-06
1800,14,6.479492219781171e-06
1800,15,2.7600674094126155e-06
1800,16,6.479492219781171e-06
1800,17,3.4560520176281926e-05
1800,18,1.9029663298211677e-06
1800,19,6.479492219781171e-06
1800,20,3.4085250667861894e-06
1800,21,6.207079837083952e-07
1800,22,5.960097247863127e-06
1800,23,4.5258487051763174e-06
1800,24,3.03156851144808e-06
1800,25,5.682567985843473e-06
1800,26,4.206664580378841e-06
1800,27,6.479492219781171e-06
1800,28,3.4560520176281926e-05
1800,29,6.479492219781171e-06
1800,30,6.247242037033157e-06
1800,31,3.7337976684298846e-06
1800,32,3.090034815753873e-05
1800,33,4.555469956830185e-06
1800,34,3.1173855998221797e-06
1800,35,3.9791129021207454e-05
1800,36,2.0345291469123487e-05
1800,37,6.207079837083952e-07
1800,38,2.2924748951467802e-05
1800,39,2.9568840241095264e-05
1800,40,6.479492219781171e-06
1800,41,6.479492219781171e-06
1800,42,7.269784338970853e-05
1800,43,2.785750141352261e-05
1800,44,6.479492219781171e-06
1800,45,6.479492219781171e-06
1800,46,2.9328963984321344e-05
1800,47,6.479492219781171e-06
1800,48,1.7604243104583132e-06
1800,49,1.4289403122967753e-05
1900,0,1.035088545724759e-06
1900,1,3.4560520176281926e-05
1900,2,6.322406280840165e-06
1900,3,1.738069315364721e-06
1900,4,6.207079837083952e-07
1900,5,8.052079141185866e-07
1900,6,5.578386761493018e-06
1900,7,2.664134064265308e-06
1900,8,6.207079837083952e-07
1900,9,6.479492219781171e-06
1900,10,3.4560520176281926e-05
1900,11,9.214975583438814e-06
1900,12,3.4560520176281926e-05
1900,13,9.924660234772084e-06
1900,14,3.2820075245311895e-05
1900,15,1.493544141309006e-05
1900,16,3.4560520176281926e-05
1900,17,6.479492219781171e-06
1900,18,1.063476571868139e-06
1900,19,6.479492219781171e-06
1900,20,2.3643533796267598e-05
1900,21,6.350427183653855e-07
1900,22,4.655382745200197e-06
1900,23,2.6229276511887473e-06
1900,24,6.479492219781171e-06
1900,25,6.479492219781171e-06
1900,26,6.479492219781171e-06
1900,27,1.0422759853537726e-06
1900,28,1.3587645991178818e-06
1900,29,3.4560520176281926e-05
1900,30,9.168993610939614e-06
1900,31,6.479492219781171e-06
1900,32,1.0986969278705378e-05
1900,33,2.578475631997266e-06
1900,34,2.1060552744460105e-06
1900,35,1.9054029084536435e-06
1900,36,4.213363338041796e-06
1900,37,6.207079837083952e-07
1900,38,4.885724832693048e-06
1900,39,1.168922462781388e-05
1900,40,4.687273022268044e-06
1900,41,6.479492219781171e-06
1900,42,6.479492219781171e-06
1900,43,6.1239873040208834e-06
1900,44,1.078972685350908e-06
1900,45,6.479492219781171e-06
1900,46,2.086443624569342e-05
1900,47,6.479492219781171e-06
1900,48,3.256235073506867e-05
1900,49,6.479492219781171e-06
2000,0,6.479492219781171e-06
2000,1,1.2313632033862877e-05
2000,2,7.510842677352032e-07
2000,3,6.479492219781171e-06
2000,4,4.588305485396581e-06
2000,5,2.132769495159765e-05
2000,6,1.2808719843258784e-05
2000,7,1.2719622246143621e-06
2000,8,9.311615693416857e-07
2000,9,2.067063269047317e-06
2000,10,6.479492219781171e-06
2000,11,2.006694963485665e-05
2000,12,2.0412571589805605e-05
2000,13,2.605801097654684e-05
2000,14,6.479492219781171e-06
2000,15,3.932601974440591e-07
2000,16,1.1920003939622177e-05
2000,17,2.9723587704590634e-05
2000,18,6.479492219781171e-06
2000,19,3.4560520176281926e-05
2000,20,2.2759059356000038e-05
2000,21,2.2555640216484437e-05
2000,22,4.298222362559406e-06
2000,23,4.3063098107020645e-06
2000,24,2.8293091787484915e-06
2000,25,6.207079837083952e-07
2000,26,5.705061207454702e-06
2000,27,3.177431994966992e-06
2000,28,6.479492219781171e-06
2000,29,6.479492219781171e-06
2000,30,3.076701625831393e-05
2000,31,6.479492219781171e-06
2000,32,5.415110611004672e-05
2000,33,9.907586835359103e-06
2000,34,2.8699302824203583e-05
2000,35,2.3420397956228757e-06
2000,36,6.479492219781171e-06
2000,37,2.7328361341354346e-05
2000,38,6.479492219781171e-06
2000,39,7.403773560579734e-06
2000,40,2.4275884430051753e-06
2000,41,6.479492219781171e-06
2000,42,1.37250083901214e-05
2000,43,3.4560520176281926e-05
2000,44,3.56680582383074e-06
2000,45,9.09514861893802e-06
2000,46,6.479492219781171e-06
2000,47,6.713866730402892e-06
2000,48,6.479492219781171e-06
2000,49,6.479492219781171e-06
